,place
Jeju,241
Jeju-do,172
Jungle Book by Alice,101
Seogwipo,65
제주도 크리스마스 박물관,59
제주에인감귤밭,48
Jeju Island,39
성산일출봉 城山日出峰  Seongsan Ilchulbong,36
폼포코식당_pompokokitchen,30
1100고지,25
Nimome,24
월정리해변,19
석부작박물관,18
제주도 애월읍,18
알뜨르 비행장,17
카멜리아 힐,17
제주레포츠랜드,16
밥깡패,16
고집돌우럭중문점,16
제주 함덕 서우봉 해변,16
제주고궁한복카페 jeju gogung hanbok studio,15
제주신화월드 Jeju Shinhwa World,15
제주도 서귀포 중문관광단지 濟州島西歸浦中文觀光團地,15
할로비치,15
위미동백나무군락지,15
협재해변 Beach,14
Woljeongri Beach,14
연동 바오젠 거리,14
새별오름,12
고래배꼽,12
용머리해안,11
용눈이오름,11
제주빅볼랜드,10
김녕미로공원 Jeju Kimnyoung Maze Park,10
사려니숲길,10
캔디원,10
하이엔드 제주,10
마마뜰,9
Jeju Aewol,9
서귀포 느영나영 게스트하우스,9
한라산,9
위미2리 동백군락지,9
위미동백나무군락,9
Jeju Island 제주특별자치도 济州道,9
제주커피박물관 Baum,9
휴애리 자연생활공원,9
삼무공원,9
서우봉,8
"한라산 (漢拏山, Hallasan)",8
제주해남,8
광치기해변,8
제주어린왕자게스트하우스,7
월정리카페콧수염,7
옹포별장가든,7
성이시돌목장,7
제주 송악산,7
카페한라산,6
산굼부리,6
카페브리프,6
제주 꿈꾸는고래 스쿠버&게스트하우스,6
에코랜드,6
곽지해수욕장,6
牛岛 Udo Island 우도,6
아줄레주,6
Hidden Cliff / 히든 클리프,5
Terarosa - 테라로사,5
비자림,5
퍼시픽랜드 - Pacific Land JEJU,5
우아당,5
하도핑크,5
번개과학체험관,5
옹포리,5
우드노트,5
Casa Linda Guesthouse-까사 린다 펜션,5
오후새우시,5
소세지가게,5
르페도라펜션,5
친봉산장,5
르토아베이스먼트,5
고집돌우럭-gozipfish,5
오전열한시,5
제주 성산 신산포구자연산횟집 회포장,5
제주동문재래시장,5
the cliff jeju - 더클리프 제주,5
노라바,5
로타리과자점,5
제주신라호텔,5
제주 협재 해수욕장,5
주상절리대,5
디저트쌀롱 톨,5
하늘아래 게스트하우스,4
지금이순간카페,4
함덕반하다,4
서귀포 매일올레시장,4
Hidden Cliff Hotel & Nature,4
성산일출봉 게스트하우스 파티 띵까게스트하우스,4
만월당,4
Sunnyside Beachclub Jeju,4
플레이스 캠프 제주,4
LOTTE Hotel Jeju 롯데호텔제주,4
오설록티뮤지엄,4
"Busan, South Korea",4
남원큰엉해안경승지,4
탐라반상,4
제주도,4
Jungmun Beach,4
녹근로33,4
세화해수욕장,4
새별오름 (Saebyul Orum),4
명월국민학교,4
춘심이네 본점,4
서귀포항,4
해발1950m 한라산 백록담,4
아날로그감귤체험,4
커피캄머,4
수목원테마파크,4
제주꿈꾸는고래,4
몽상드 애월 (Mônsant),4
The Shilla Jeju,4
함덕487,4
Jeju International Airport,4
Harmduck Beach in Jeju Island,3
설심당본점,3
제주도 해안도로,3
이익새양과점,3
Guzasien -구좌지앵,3
제주도 서귀포,3
제주도 월정리,3
서귀포시 성산읍,3
양가형제,3
대평리,3
환상의 섬 Jeju Island,3
커피파인더coffeefinder제주시청,3
법환동,3
금능해변,3
다람쥐식탁,3
제주국제공항,3
한라수목원,3
애월늘,3
안녕협재씨,3
아름다운 제주도,3
스윗슬로cafe,3
푸른섬 제주도,3
Jejudo,3
앙뚜아네트,3
쇠소깍,3
Hamdeok Jeju,3
Jeju horse Riding farm,3
제주도 세화해변,3
선녀와나무꾼,3
돈사돈,3
쿠주,3
블레블랑제리 Ble' Boulangerie,3
로얄,3
붉은제주,3
아뜰리에안,3
유동커피,3
제주여행,3
"Seoul, South Korea",3
천지연폭포 (Cheonjiyeon Waterfall),3
제주 남원리,3
혜화동버거,3
면차롱,3
명랑스낵,3
"Paris, France",3
제주 산굼부리,3
제주 한라산 영실코스,3
인생밥집,3
다랑쉬오름,3
하례정원,3
보름우스테이,3
안녕김녕sea,3
이중섭 거리,2
평대리 해변,2
애월해안가,2
신설오름,2
토스카나호텔,2
문치비,2
Hotel NANTA 호텔 난타,2
봄날,2
테지움 제주,2
외쿡식당,2
2월22일 브런치카페,2
다미진횟집,2
대정읍,2
군산오름,2
켄싱턴 제주호텔,2
짱구분식,2
구좌읍 평대리,2
제주마방목지,2
서귀포 까망돼지,2
서울맛집,2
볼스카페,2
테디베어뮤지엄,2
꽃기린 카페,2
문쏘,2
제주 도두동,2
South Korea,2
Salon de Lavant,2
새연교횟집,2
오롯,2
한동올레펜션,2
중문색달해변 (Jungmun Saekdal Beach),2
판포포구,2
그계절,2
삼미흑돼지,2
"Hyatt Regency, Jeju Island",2
서귀포흑돈,2
순옥이네명가,2
빨간모자마법사,2
그러므로part.2,2
모슬포항 만선식당,2
Longlive,2
영육일삼,2
김영갑갤러리 두모악,2
토끼썸,2
자매국수 노형점,2
카페두가시,2
소보리당로 222,2
상호네숯불구이,2
어조횟집,2
슬슬슬로우,2
가시아방,2
카페주비 - JUBI,2
판포리,2
연정식당,2
뉴저지카페,2
모뉴에트,2
해왓,2
로컬크랩,2
JEJU앨리스,2
가시식당,2
훈이네고사리육개장,2
로맨틱무브,2
빨간머리몽게스트하우스,2
복자씨연탄구이,2
다다의작은공간,2
형제국수,2
"Namwon Seogwipo Jeju,South korea",2
바닐라파레트,2
"Daegu, South Korea",2
붉은못허브팜 Cafe Redpond 애월본점,2
핏제리아마노,2
우동가게,2
"Ulsan, South Korea",2
지오반니,2
함덕호랑이,2
이정의댁,2
카페루핀,2
제주김만복,2
보엠 - Bohème,2
쿠오모제주,2
김녕회관,2
윗세오름(해발 1700M),2
"제스토리, 바이제주, 제주감성소품",2
스튜디오 쿠나,2
족황상제,2
만세국수삼성혈점,2
Cafe148,2
제주시 동문시장,2
컴피하우스,2
탐나버거,2
Teddy Bear Museum - 제주 테디베어뮤지엄,2
이음,2
하얏트 리젠시 제주ㅣHyatt Regency Jeju,2
칠돈가,2
한담해안산책로,2
Oedolgae Jeju,2
제주도 전주횟집,2
말젯문,2
그리울땐 제주,2
이런날엔,2
한림칼국수,2
하도리1091,2
CAFE E.P.L,2
Meal Table Garden,2
모슬 포항,2
부두식당,2
블리스찬,2
밥의정석,2
"광안리 해수욕장 - 廣安里海水浴場 GwangalliBeach, Busan, South Korea",2
초밥충전,2
그초록,2
성산갯마을식당,2
평대우유차,2
용연구름다리,2
제주시 아라동,2
Vadada 바다다,2
테쉬폰,2
천왕사 (天王寺),2
제주 구좌읍 세화리,2
센트로,2
사라봉근처,2
Antoinette,2
아부오름,2
쌀다방,2
갈중이,2
제주 이호해수욕장,2
중문 덤장,2
황우지해안,2
백약이 오름,2
제주허브동산,2
함덕해변,2
제주 휴애리,2
난드르바당,2
제주 서귀포 그릴 데미그라스,2
남원읍 위미리 귤밭,2
애월더선셋,2
따라비오름,2
제주도 한경면,2
선흘리 동백동산,2
비브레이브 커피 로스터즈,2
성읍민속마을,2
호텔 몽듀,2
박물관이살아있다,2
천제연폭포,2
라온더마파크,2
제주 조류공원 화조원,2
이호테우해변,2
아도록,2
용두암,2
"Hamdoek Beach, Jeju Island",2
"Hotel Alfonso XIII, a Luxury Collection Hotel, Seville",2
Jeju_Gimnyeong_Maze_Park,2
제주시외버스터미널,2
아쿠아 플라넷 제주 (Aqua Planet JEJU),2
동굴카페 다희연(Cafe Daheeyeon in the Cave),2
Osulloc Tea Museum,2
앤트러사이트 제주 한림점,2
우도,2
신창풍차해안도로,2
성산일출봉,2
목장카페 드르쿰다,2
천지연폭포,2
제주도 천지연 폭포,2
Ecoland Theme Park Forest Train黃花小火車,2
제주서커스월드공연장,2
대우정,2
남원읍 신례리,2
済州島 - チェジュ島,2
올레7코스,2
제주돌마을공원,2
한림항,2
제주 윗세오름,2
삼공주회센터,1
Jamae Guksu,1
충남 대천 해수욕장 에서,1
꽃밥,1
명진전복,1
Cafe기억해,1
702키친,1
수제홍과일모찌하귀점,1
빌라드아토,1
제주엠리조트,1
비스트로낭,1
Cultured,1
젠하이드어웨이,1
호박다방,1
지금여기,1
사계여행,1
카페모리&베이커스트리트,1
스타벅스 제주성산dt점,1
타쿠마 - Takuma,1
헤이브라더,1
Bongcheon-dong,1
Salon De 소자38,1
홍키호테,1
The Retrieve,1
빌리엔젤 제주노형점,1
바보까페,1
섭지코지 등대,1
더아트스테이호텔-The Artstay Hotel,1
MBC,1
금바리,1
오렌지블루스,1
제주도 휘닉스아일랜드,1
시루애월카페,1
잔향,1
세종시,1
꽃이다카페,1
Kairos jeju,1
방주교회,1
카이로스 제주,1
TheFirst70 Hotel,1
ECOLAND theme park,1
객의하우스,1
여름문구사,1
건축카페 - 섶섬이보이는,1
해심가든,1
우도 하고수동해수욕장,1
공업탑,1
고로케야,1
Shilla Stay,1
내콩가,1
스테이굿무드,1
수카사,1
도두항,1
제주 월령선인장 군락지,1
"Bronx, New York",1
쉐프부부,1
제주 이호테우 해변,1
렛츠런팜제주,1
제주시도두항,1
숨비아일랜드,1
봉개동,1
이게밥도둑,1
Uncommon Table,1
Coco Mama,1
소금바치 순이네,1
동박낭,1
아산 음봉,1
하노이안브라더스,1
군산 정상,1
큰엉전망대쉼터,1
1158 Cafe,1
서귀포향토오일장,1
반딧불 한담,1
오샹띠,1
제주 사랑분식,1
제주한면가 濟州韓麵家,1
못생김,1
중문국수나라,1
Cafe멘도롱,1
드렁큰디제이,1
협재칼국수,1
과일애,1
김녕 앞바다,1
버드나무집,1
서귀포 기억나는집,1
마포식당,1
마모루,1
오드랑베이커리,1
서귀동 298-5 '세계의 가정식',1
오메오메동문시장점,1
U-do Bong( 우도봉),1
마레벤또,1
로드129,1
한모살식당,1
제주시동문시장,1
"Segovia, Spain",1
쿠쿠아림,1
마구로쇼쿠도,1
털보네고양이,1
풍미독서,1
가시아방국수,1
미미본가,1
구좌상회작업실,1
바당지기식당,1
카페송키,1
홍대개미제주,1
리틀이태리 비스트로,1
자갈자갈,1
연화키친,1
제주시농협하나로마트,1
돈테일러익스프레,1
Maison GLAD Jeju - 메종글래드 제주,1
쉼표,1
공천포 식당,1
벵디,1
Cafe카페인,1
국수의 전설,1
도토리키친,1
쭈니창고,1
모이세해장국,1
제주인의밥상,1
하례리 망장포구,1
제주시 조천읍 와선로 206,1
오조해녀의집,1
카페바띠,1
라비에 와인비스트로,1
지붕위제주바다,1
월정곰닭,1
훈남횟집,1
어반가라지,1
섶섬해녀할망카페,1
가드망제,1
제주프레임스파빌,1
바굥식당,1
어라운드 폴리 Around Follie,1
시루애월 소길점,1
바람코지 게스트하우스&카페,1
삼다버거,1
시민갈비,1
북촌플레이스,1
우진해장국,1
호텔 아이엠,1
Mansion37.5,1
포팩토리,1
탑동마차,1
1342틈,1
백리향백반,1
푸릇프릍,1
켄싱턴리조트 서귀포,1
제주아리아,1
시리우스 호텔,1
저녁정원,1
애월해안도로,1
투썸플레이스 제주애월한담점,1
바라크라,1
유민 아르누보 콜렉션,1
"안녕, 육지사람",1
제주롯데시네마,1
Soror,1
신창해안도로,1
다이브스테이,1
금악리 제주힐링리조트,1
나도섬이다,1
고근산정상,1
효돈마을,1
한화아쿠아넷,1
전주콩나물국밥,1
몽키비치,1
박물관은 살아있다 제주 중문,1
네이처트레일,1
제주카페 스르륵,1
나주혁신도시,1
Jeju Starbucks 용담dt,1
상효원 수목원,1
오설록,1
외도동,1
구좌상회,1
깡촌흑돼지,1
개똥이네 동물원,1
제주도 용두암,1
중문 마린파크 퍼시픽랜드,1
"Oslob, Cebu",1
十五夜 siboya 십오야,1
순덕이네해산물장터,1
폴레폴레게스트하우스 -Polepole Guesthouse in Jeju,1
Ocean Suites Jeju Hotel,1
외돌개,1
서건도,1
Maxim 모카다방,1
Volskafé,1
제주도청,1
Bonte museum,1
제주 팜스빌리지,1
김녕장,1
서귀포 워터월드,1
playce,1
하늘고래,1
신천목장,1
중문관광단지 (Jungmun Tourism Complex),1
한성식당,1
제주항공,1
포근한우리집,1
스물다섯,1
서귀포 법환포구,1
Cafe가호,1
카페소금,1
헤이미쉬제주_제주독채펜션,1
비양도 해녀촌,1
반디앤로제이,1
카페라능,1
대구국제공항,1
이중섭 미술관,1
오운커피,1
타시텔레,1
사락,1
모던하우스 제주점,1
카페하도섬/엠스테이펜션,1
돈사돈중문점,1
호연스테이,1
송당리 풍림다방,1
섭지코지 (Seopjikoji),1
하도해변,1
제주좋은날,1
호끌락80번지,1
벵디1967,1
우도 비양도,1
"비싸이드엠,beside-M",1
제주초가집 곱들락,1
헤밍웨이 하우스,1
조천읍 북촌리,1
인공위성 제주,1
제주도립미술관,1
협재,1
제주인에이에이,1
제주도 표선,1
네이처캔바스,1
머스태쉬커피/머스태쉬하우스,1
성산포,1
서귀포 칼호텔 (KAL Hotel Seogwipo),1
73st,1
썬앤문리조트,1
테라로사-이사랑,1
"Saeyeon Bridge, Jeju Island",1
협재술시,1
황궁쟁반짜장,1
제주 반디앤로제이 펜션 & 플라워브런치카페,1
아날로그감귤밭,1
피규어 뮤지엄 제주  Figure Museum Jeju,1
종달리 해변,1
제주돌문화공원,1
피규어뮤지엄제주,1
한동리 화수목,1
"Enough, 이너프",1
함덕 Fishya,1
표선 해비치해수욕장,1
게으른날,1
에코랜드테마파크,1
원더먼트제주,1
시월의리브라,1
카페닐스,1
평화통일불사리탑사,1
담앤루리조트,1
"한라산 정상 해발 1,950m",1
Arc de Triomphe,1
스테이 비갠오후,1
제주맑음,1
제주거울미로 이상한나라의앨리스,1
제주시청,1
Howard Johnson Jeju Yeondong Hotel - 하워드존슨 제주 연동 호텔,1
제주 성산읍,1
제주김만복본점,1
노형로터리,1
BUTTON STAY 단추스테이 게스트하우스,1
고불락 식당,1
동광 pâtisserie '東光',1
수망일기,1
올레 6코스 (Olle Route 6),1
사우스바운더 Southbounder Brewery,1
Hallasan,1
차귀도,1
까망고띠,1
함덕 다래향,1
돈사촌,1
지붕 위 제주바다,1
Cafe delmundo,1
금능반지하,1
베케,1
우리두리게스트하우스,1
목수금토일,1
고기마씸,1
표선리,1
사라오름 산정호수,1
제주도 고근산,1
제주마로 펜션,1
책방무사,1
항파두리 항몽유적지,1
이호테우 목마등대,1
단디501,1
마담제 게스트하우스,1
Paz,1
성산일출봉 코앞 쉼터,1
돈물국수,1
Seosan,1
에코그린리조트,1
구엄리 돌염전,1
한복입는 선흘집,1
Ramada Plaza Jeju,1
골목카페 옥수,1
해물뚝배기전문 재암식당,1
블루마린하우스,1
자구리 카페 몬들락 Cafe Mondeulrak,1
동문시장,1
Gimpo International Airport Station,1
덕인당 소락,1
제주도 하늘 위,1
Hwasun,1
달사막,1
블루라군다이브-bluelagoondive,1
절물 자연 휴양림,1
Tj Guesthouse,1
Gimpo International Airport - 金浦国际机场 - 김포공항,1
카페어떤오후,1
협재 수우동,1
M-STAY / 엠스테이,1
La Tortuga,1
비긴어게인펜션,1
바램목장&카페,1
산방굴사 (Sanbanggulsa Temple 山房窟寺),1
종달스토리 게스트하우스,1
제주시 화북동,1
색달식당,1
책다방,1
무수천계곡,1
제주조천스위스마을,1
소우,1
독개물항,1
대굴대굴굴구이,1
곰막 횟집,1
쪼끌락 cafe,1
카페2472,1
부자식당,1
핸드테일러 제주점,1
곱을락,1
정방폭포가 보이는 암벽위,1
용담해안도로,1
웃뜨르,1
더스파,1
"Jeju Island, South Korea - 제주도",1
곽지스테이션,1
쉬림포크shrimpork,1
Jeju National University,1
에코랜드 라벤다앤그린티로즈가든역,1
Sensō-ji,1
키아스마,1
제주대학교 교양강의동,1
동한두기,1
광원,1
용두암해변,1
김녕해수욕장 (Gimnyeong Beach),1
미나마라,1
대기정,1
유채꽃사진촬영소,1
정관신도시,1
몽구네민박,1
Gagamel,1
경성대 맛집,1
자연스러운식당,1
닭머르,1
대돈,1
올레길 5코스,1
휘슬락호텔,1
환상숲곶자왈공원,1
OLD STUFF 올드스터프 Coffee&bread,1
청춘게스트하우스,1
갈치왕,1
제주중앙로상점가,1
일도전복,1
교래 손 칼국수,1
현대백화점 울산점,1
베이크샵스니프 bakeshop sniff,1
서귀포흑돼지명가,1
제주도 올레길 6코스 이중섭거리,1
이어도전복해물전문점,1
Hibi & Kohaku,1
알동네국수,1
Villadeato-빌라드아토,1
목포고을. 제주도 흑돼지 끝나는 맛!,1
서귀포의료원,1
강정포구,1
하이클래스 제주 (Hiclass Jeju),1
호텔위드제주,1
Sangumburi Crater,1
모닝딜라이트제주광양점,1
스트라이크볼링센터,1
하림각,1
제주비치호텔 함덕,1
맥도날드장안사거리점,1
탕196,1
제주마당,1
라올레( La Olle),1
괜찮은술책,1
테디밸리골프리조트,1
올레길,1
Shimo-kitazawa Station,1
제주중문관광단지,1
김포 구래동,1
성산스쿠버리조트,1
카페록록 Loklok,1
귀덕1리,1
흑송,1
제주시 새우리,1
거멍국수,1
국수바다,1
코코몽 에코랜드,1
쉬리의 언덕,1
Shmonga,1
바다사랑그리고추억,1
산천단,1
제주송정농원,1
제주 이자와,1
카페 하도섬,1
성산수구레국밥,1
미풍해장국  중앙점,1
나원횟집,1
필립헤어,1
기원뚝배기,1
저지예술인마을,1
윈드스톤,1
착한스시,1
노형 수목원가는길,1
제주도 한림,1
월정스캔들,1
"Ulsan, Korea",1
나인브릿지,1
광안리 앙상블,1
강식당,1
성수족발,1
덕수하루펜션,1
니모메빈티지라운지,1
제주신라면세점,1
바다의집,1
화순금모래해변,1
돌마을공원,1
산방산 (Sanbangsan),1
접대 - 저번에 우리가 만났던 그때,1
남원 포구,1
엉또폭포,1
Saturdayisland,1
서귀포 이마트,1
Cafe Koomda,1
"Seoul, Korea",1
한라생태숲,1
"제주아트리움""비밀의그림자""공연",1
관덕정,1
알뜨르프로젝트2018,1
보목,1
Ocean Suite Jeju Hotel (오션스위츠제주호텔),1
유리의성과마법의숲,1
동문로터리,1
협제 혜변,1
Jungle book by Alice,1
Dammann Frères_다만프레르_제주신화점,1
제주여행 가야밀면,1
연북정,1
제주 생각하는 정원,1
제주도 부영리조트,1
카페 호꼼,1
스모크하우스인구억,1
제주웰컴센터,1
어부의딸,1
스시애월,1
꽃돼지연탄구이,1
메이즈랜드,1
도깨비명당,1
서촌제 (서울촌놈인제주),1
맛있는 제주,1
제주오리엔탈호텔,1
자매국수 본점,1
전라북도 군산 경암동 철길마을,1
새별오름 정상,1
That's very,1
세영수산,1
돼지촌,1
전주도,1
팔도수산식당,1
사방팔방 외도점,1
탑동광장편의점,1
서머셋 제주신화월드,1
제주 운정이네,1
선화동106-1,1
스타양곱창,1
제주 나인브릿지 CC,1
속초 아바이마을,1
한림 칠돈가,1
Suweolbong Trekking,1
돌담너머바다,1
제주세계자연유산센터,1
제주집,1
산방산,1
탑동해변공연장,1
문섬,1
노리매,1
아름다운제주여행,1
부산 맛집 여기,1
LOTTE City Hotel Jeju 롯데시티호텔제주,1
제주몬트락,1
청사포 수민이네,1
옥계휴게소,1
형제섬,1
관음사,1
동복해녀식당,1
가배,1
제주스럽닭,1
바삭돈가스,1
새우조나단,1
대춘해장국,1
금능샌드,1
Novotel Ambassador Daegu,1
참맛나김밥,1
리치망고 협재점,1
떡하니,1
미영이네식당,1
Shineville Luxury Resort,1
브라운스위트 제주,1
"고관해물탕, 초량",1
엉장매하우스,1
키작은삼촌,1
토도,1
인사리,1
화북1동,1
내츄럴케이,1
오라게게스트하우스,1
카페오길,1
Teseum,1
홍대부부,1
모던플레이스 리조트,1
성읍칠십리식당,1
자구내포구,1
큰돈가,1
배블리컨테이너,1
모니카옛날통닭,1
에이그라운드,1
우도 (Udo / 牛島),1
자연뜨락,1
제주 천제연폭포,1
제주도가는 비행기 안,1
제주 대명리조트,1
제주도맛집,1
동탄2에 산다,1
청초수물회&섭국 [신관],1
속초 엄지네포장마차,1
비양도,1
"Málaga, Spain",1
제주시 고요남,1
해녀엄마의집,1
서양차관,1
수제홍과일모찌,1
제주국제공항 활주로 (Jeju Airport Runway),1
올레안뜰,1
한림공원 Hallimpark,1
Gwakji Beaches,1
중문 단지 삼원정,1
모메든식당,1
도라지식당,1
장복호,1
서촌제,1
제주도 하도리,1
요요무문,1
신풍목장,1
채점석빵집,1
해비치호텔&리조트 - Haevichi hotel & resort,1
해바라기 분식,1
제주시,1
팀버 커피 제주,1
Marevo Resort / 마레보 리조트,1
날것,1
제주신화월드 메리어트 리조트관,1
이스트엔드,1
제주 오션스토리,1
더본호텔,1
은실이네 게스트하우스,1
면뽑는선생 만두빚는아내,1
바다이야기,1
소렉,1
고성리,1
칠돈가 본점,1
미도리,1
Jerry's PUB,1
Paju,1
제주칼국수 제주해물탕,1
블루밍아일랜드 Blooming Island,1
촵촵 - Chwap Chwap,1
행원포구,1
신흥동 일본식가옥,1
8월의크리스마스 초원사진관,1
풍원 한라산볶음밥,1
神의 한모(신의 한모),1
종로 광장시장,1
정동진,1
서귀포잠수함,1
제주한라수목원♥,1
민경이네 어등포해녀촌,1
종가전복,1
Nolman,1
보롬왓,1
사는맛 먹는맛,1
성산옥탑,1
랍스터빈_jeju,1
석부작테마공원,1
몽땅카페,1
사이카레,1
낙지로,1
제주하귀휴먼시아,1
카페오드리,1
제주베니스랜드,1
듀블라썸,1
제주마라도잠수함,1
제주돈아,1
담아래,1
Cafe Ri,1
한림 뽈살집,1
김녕함바그집,1
검은여식당,1
우리집아점,1
한라산버섯연구소,1
플레이스엉물,1
치저스 제주,1
동복해녀촌,1
웃뜨르 우리돼지,1
덕승식당,1
릴리펏 제주점 메종글래드호텔,1
말미오름 (두산봉),1
효섬마을 초가집,1
정방 폭포,1
Yacht Tour Shangri-La,1
초콜릿랜드 / Chocolate Land,1
기쁨이네 감자탕,1
부촌식당,1
와흘리,1
제주 신재생에너지 홍보관,1
한림 바당길,1
오마주마카롱,1
유리네 식당,1
Thecoffeebrew-더커피브루,1
마로니에 공원,1
제주함덕 해수욕장,1
크랩잭제주,1
남포커피,1
여수 앞바다,1
"비자림 (Bija Forest, 榧子林)",1
무거버거,1
화산양꼬치2호점,1
연동포차,1
Myeongjin Abalone,1
달달콤콤,1
"Jaju,south Korea",1
규태네 양곱창,1
KBS본관,1
세인트포cc,1
쇠소깍오메기식당,1
마가리따 은혜씨cafe&Dining pub,1
GD Cafe,1
청루 봉평 메밀 막국수,1
대우정식당,1
델문도 제주 카페 Cafe Delmoondo,1
제주도 귤밭,1
양대곱,1
깐깐한족발,1
Halim jeju korea Selatan,1
오는정 김밥,1
제주도 더마파크,1
뽕끄랑,1
홍대 깐풍기브라더스,1
CAMPHORTREE Hotel & Resort,1
날씬흑돼지,1
삼보식당,1
주점부리,1
수월봉,1
흑돼지가있는풍경,1
물꼬기,1
블랙하우스 떡볶이레스토랑,1
김녕 성세기 해변,1
디스이즈핫,1
