카테고리,채널명,구독자수,조회수,영상수
음악/댄스/가수,BLACKPINK,"64,400,000","19,171,720,000",372
음악/댄스/가수,HYBE LABELS,"60,800,000","18,929,060,000",657
음악/댄스/가수,BANGTANTV,"56,900,000","12,364,070,000","1,586"
음악/댄스/가수,SMTOWN,"28,600,000","22,016,530,000","3,731"
키즈/어린이,Boram Tube Vlog [보람튜브 브이로그],"26,500,000","11,052,880,000",223
음악/댄스/가수,1MILLION Dance Studio,"24,200,000","6,718,800,000","2,960"
음악/댄스/가수,1theK (원더케이),"23,300,000","20,681,360,000","15,039"
음악/댄스/가수,JYP Entertainment,"21,800,000","13,864,560,000","1,343"
미분류,Coldplay,"19,300,000","12,818,080,000",280
음악/댄스/가수,Mnet K-POP,"18,500,000","13,106,470,000","25,729"
음악/댄스/가수,JFlaMusic,"17,300,000","3,430,440,000",279
TV/방송,KBS WORLD TV,"16,700,000","12,420,880,000","52,528"
음악/댄스/가수,officialpsy,"15,100,000","8,645,740,000",91
음식/요리/레시피,Jane ASMR 제인,"14,300,000","4,957,880,000","1,200"
음악/댄스/가수,BIGBANG,"13,800,000","6,694,500,000",773
음악/댄스/가수,TWICE,"11,500,000","2,232,820,000",595
키즈/어린이,Nao FunFun,"10,700,000","3,980,000",34
음악/댄스/가수,Stone Music Entertainment,"10,000,000","7,903,420,000","7,974"
키즈/어린이,DuDuPopTOY,"9,860,000","4,385,710,000","1,763"
음식/요리/레시피,Hongyu ASMR 홍유,"9,840,000","2,726,900,000",389
키즈/어린이,핑크퐁 (인기 동요・동화),"9,500,000","5,742,430,000","2,241"
TV/방송,MBCkpop,"9,440,000","7,392,760,000","40,784"
키즈/어린이,서은이야기[SeoeunStory],"9,370,000","4,002,900,000","1,006"
키즈/어린이,Larva TUBA,"9,330,000","4,063,680,000","2,890"
키즈/어린이,Toymong tv 토이몽TV,"9,290,000","3,836,850,000","1,842"
미분류,The Late Show with Stephen Colbert,"8,600,000","7,851,540,000","8,377"
뉴스/정치/사회,MBCentertainment,"8,390,000","14,383,840,000","85,568"
음악/댄스/가수,Mnet Official,"8,360,000","9,119,530,000","18,183"
음악/댄스/가수,iKON,"8,320,000","2,100,550,000",468
음악/댄스/가수,EXO,"8,300,000","469,830,000",201
미분류,WIRED,"8,170,000","2,631,730,000","3,228"
미분류,Nintendo,"8,030,000","2,736,090,000","5,166"
미분류,BBC Radio 1,"7,610,000","3,204,790,000","4,415"
음식/요리/레시피,[햄지]Hamzy,"7,540,000","2,182,000,000",334
TV/방송,M2,"7,520,000","5,571,320,000","14,342"
음악/댄스/가수,TOMORROW X TOGETHER OFFICIAL,"7,510,000","461,130,000",752
키즈/어린이,MariAndKids,"7,480,000","2,290,470,000",809
키즈/어린이,SonicToy소닉토이,"7,170,000","2,940,660,000",164
음악/댄스/가수,Stray Kids,"7,120,000","1,042,930,000",474
해외,Serie A,"7,090,000","2,401,910,000","20,553"
음식/요리/레시피,Travel Thirsty,"6,900,000","2,914,070,000",679
뉴스/정치/사회,JTBC Entertainment,"6,860,000","9,767,880,000","64,249"
음악/댄스/가수,SEVENTEEN,"6,840,000","2,141,270,000",879
음악/댄스/가수,Sungha Jung,"6,730,000","1,873,100,000","1,264"
음악/댄스/가수,이지금 [IU Official],"6,690,000","949,090,000",125
음식/요리/레시피,문복희 Eat with Boki,"6,530,000","1,466,610,000",432
음식/요리/레시피,쏘영 Ssoyoung,"6,410,000","945,830,000",572
음악/댄스/가수,ALL THE K-POP,"6,410,000","3,897,090,000","19,684"
음악/댄스/가수,YG ENTERTAINMENT,"6,370,000","1,634,570,000",389
TV/방송,KBS Kpop,"6,290,000","4,761,360,000","29,240"
음악/댄스/가수,MAMAMOO,"6,070,000","1,631,230,000",604
음악/댄스/가수,GOT7,"6,050,000","756,830,000",579
패션/미용,PONY Syndrome,"5,860,000","355,550,000",189
TV/방송,스브스케이팝 / SBS KPOP,"5,850,000","3,896,830,000","26,018"
회사/오피셜,Samsung,"5,800,000","1,032,690,000","1,555"
TV/방송,tvN DRAMA,"5,780,000","5,527,200,000","35,135"
TV/방송,SBS Entertainment,"5,750,000","6,712,360,000","216,934"
미분류,PSG - Paris Saint-Germain,"5,620,000","593,560,000","4,082"
키즈/어린이,스위트티비 SweetTV,"5,610,000","2,663,640,000",504
음악/댄스/가수,ITZY,"5,600,000","977,960,000",424
TV/방송,SBS Drama,"5,510,000","5,788,290,000","340,922"
키즈/어린이,[장난감티비]TOYTV,"5,430,000","2,647,260,000","1,471"
키즈/어린이,미니특공대TV,"5,410,000","3,039,820,000","1,113"
음악/댄스/가수,2NE1,"5,300,000","1,952,630,000",321
키즈/어린이,콩순이 • 시크릿 쥬쥬 [Kongsuni • Secret Jouju],"5,160,000","4,492,450,000","1,240"
BJ/인물/연예인,[Awesome Haeun]어썸하은,"5,150,000","800,000,000",489
음식/요리/레시피,백종원의 요리비책 Paik's Cuisine,"5,140,000","530,390,000",338
키즈/어린이,ToyMart TV,"4,940,000","2,148,590,000",651
음식/요리/레시피,야미보이 Yummyboy,"4,930,000","1,755,820,000",853
음악/댄스/가수,starshipTV,"4,810,000","2,785,860,000","1,963"
키즈/어린이,베이비버스 -인기 동요・동화,"4,750,000","3,178,210,000","1,286"
음악/댄스/가수,BT21,"4,610,000","365,630,000",193
키즈/어린이,TOY GUMA,"4,600,000","1,523,500,000",306
뉴스/정치/사회,SBS NOW / SBS 공식 채널,"4,590,000","4,563,260,000","19,920"
TV/방송,KBS Entertain,"4,490,000","7,095,050,000","100,193"
음식/요리/레시피,떵개떵,"4,480,000","2,518,380,000","4,343"
음악/댄스/가수,ASTRO 아스트로,"4,430,000","417,550,000",435
음악/댄스/가수,Red Velvet,"4,410,000","613,490,000",143
키즈/어린이,뽀로로(Pororo),"4,380,000","5,896,000,000","3,605"
TV/방송,MBCdrama,"4,340,000","4,914,490,000","54,075"
음식/요리/레시피,하루한끼 one meal a day,"4,320,000","411,970,000",163
음악/댄스/가수,TREASURE (트레저),"4,300,000","837,160,000",253
음식/요리/레시피,푸메Fume,"4,270,000","864,590,000",467
음악/댄스/가수,NCT,"4,210,000","281,180,000",224
TV/방송,채널 NCT DAILY,"4,210,000","728,120,000",467
키즈/어린이,슈슈토이 Shushu ToysReview,"4,200,000","1,558,490,000",584
음악/댄스/가수,Raon Lee,"4,200,000","920,660,000",296
미분류,EA SPORTS FIFA,"4,190,000","794,850,000",792
키즈/어린이,With Kids Playground [위드키즈 놀이터],"4,180,000","1,578,310,000",401
음식/요리/레시피,Cooking tree 쿠킹트리,"4,180,000","380,690,000","1,138"
음식/요리/레시피,tzuyang쯔양,"4,170,000","528,770,000",241
BJ/인물/연예인,영국남자 Korean Englishman,"4,160,000","1,349,560,000",433
음식/요리/레시피,[Dorothy]도로시,"4,150,000","988,050,000",905
TV/방송,JTBC Drama,"4,130,000","4,225,800,000","22,586"
애완/반려동물,SBS TV동물농장x애니멀봐,"4,130,000","3,768,120,000","3,013"
음식/요리/레시피,까니짱 [ G-NI ],"4,090,000","1,042,940,000",487
키즈/어린이,로미유 스토리[Romiyu Story],"4,080,000","1,067,690,000",433
음악/댄스/가수,NCT DREAM,"3,930,000","389,940,000",233
취미/라이프,JaeYeol ASMR 재열,"3,850,000","1,032,140,000",976
BJ/인물/연예인,허팝Heopop,"3,820,000","3,163,320,000","1,858"
애완/반려동물,크림히어로즈,"3,800,000","1,377,780,000",945
BJ/인물/연예인,워크맨-Workman,"3,790,000","691,350,000",144
음악/댄스/가수,WINNER,"3,740,000","1,174,310,000",428
BJ/인물/연예인,waveya 2011,"3,730,000","1,347,860,000",702
키즈/어린이,Lime Tube[라임튜브],"3,730,000","2,599,870,000","1,733"
키즈/어린이,CoCosToy 꼬꼬스토이,"3,680,000","2,065,560,000",712
음악/댄스/가수,NCT 127,"3,660,000","313,850,000",197
음악/댄스/가수,백현 Baekhyun,"3,630,000","49,660,000",20
키즈/어린이,Milana FamilyShow[EN],"3,620,000","977,250,000",185
BJ/인물/연예인,ARTBEAT,"3,560,000","880,710,000","1,076"
TV/방송,TV-People,"3,510,000","3,931,350,000","17,786"
TV/방송,채널 십오야,"3,510,000","661,540,000",458
TV/방송,KBS Drama,"3,480,000","4,278,780,000","114,341"
회사/오피셜,Billboard,"3,380,000","1,130,770,000","6,694"
취미/라이프,drawholic,"3,330,000","363,850,000",348
키즈/어린이,리월드RIWORLD,"3,330,000","1,263,380,000",180
키즈/어린이,제이제이 튜브 [JJ Tube],"3,300,000","2,069,580,000",497
TV/방송,솔라시도 solarsido,"3,290,000","203,080,000",249
음악/댄스/가수,KARD,"3,280,000","598,970,000",312
키즈/어린이,EBS 키즈,"3,280,000","4,073,130,000","18,921"
TV/방송,tvN,"3,270,000","4,701,310,000","59,664"
TV/방송,딩고 뮤직 / dingo music,"3,250,000","1,177,250,000","1,530"
음악/댄스/가수,(G)I-DLE (여자)아이들 (Official YouTube Channel),"3,230,000","964,140,000",199
키즈/어린이,MariAndToys,"3,160,000","565,920,000",190
키즈/어린이,럭키강이 LuckyKang i,"3,110,000","1,333,600,000","1,219"
키즈/어린이,키즈팡TV,"3,100,000","1,932,630,000","1,845"
음악/댄스/가수,imlisarhee,"3,090,000","425,690,000",550
스포츠/운동,피지컬갤러리,"3,060,000","489,120,000",595
키즈/어린이,카 로봇 Car Robot,"3,010,000","1,772,370,000","3,520"
음악/댄스/가수,ROSÉ Official,"2,980,000","11,960,000",3
음식/요리/레시피,FRAN,"2,980,000","942,390,000","1,272"
영화/만화/애니,장삐쭈,"2,970,000","1,312,000,000",368
음식/요리/레시피,유디티TV,"2,950,000","597,430,000",996
취미/라이프,Thankyou BUBU,"2,950,000","464,970,000",134
TV/방송,tvN D ENT,"2,940,000","5,229,490,000","14,869"
취미/라이프,사나고 Sanago,"2,940,000","377,600,000",142
음악/댄스/가수,새송 Saesong,"2,900,000","286,760,000",247
음식/요리/레시피,5 분 Tricks,"2,890,000","1,021,440,000","3,092"
음식/요리/레시피,양수빈,"2,840,000","500,140,000",225
TV/방송,옛드 : 옛날 드라마 [드라맛집],"2,810,000","4,987,540,000","45,948"
키즈/어린이,미니팡TV,"2,790,000","2,012,330,000",566
음악/댄스/가수,STUDIO CHOOM [스튜디오 춤],"2,780,000","1,026,670,000",632
취미/라이프,odg,"2,750,000","444,040,000",114
음식/요리/레시피,한세HANSE,"2,750,000","377,880,000",569
TV/방송,JTBC Voyage,"2,720,000","3,078,210,000","6,910"
취미/라이프,팬케이Pan K The Pancake Artist,"2,700,000","800,140,000",542
음악/댄스/가수,JAY PARK,"2,640,000","653,150,000",137
키즈/어린이,헤이지니 Hey Jini,"2,640,000","1,634,670,000","1,161"
음식/요리/레시피,나도Nado,"2,610,000","672,840,000",684
뉴스/정치/사회,TVCHOSUN - TV조선,"2,570,000","4,212,830,000","64,543"
TV/방송,PLAYLIST ORIGINALS 플레이리스트 오리지널,"2,570,000","960,500,000",663
TV/방송,런닝맨 - 스브스 공식 채널,"2,550,000","3,292,430,000","53,523"
음악/댄스/가수,AKMU,"2,540,000","632,020,000",148
음악/댄스/가수,HyunA,"2,520,000","304,270,000",58
뉴스/정치/사회,YTN news,"2,520,000","5,522,720,000","555,522"
취미/라이프,ASMR PPOMO,"2,500,000","663,290,000",421
키즈/어린이,ToyFamily,"2,460,000","370,000",38
음악/댄스/가수,GIRLS' GENERATION,"2,450,000","145,510,000",77
음식/요리/레시피,지현꿍,"2,430,000","198,750,000",83
키즈/어린이,보라미TV BoramiTV,"2,410,000","828,750,000",594
미분류,Lizzo Music,"2,390,000","944,530,000",71
게임,도티 TV,"2,370,000","2,667,170,000","3,240"
BJ/인물/연예인,와썹맨-Wassup Man,"2,340,000","311,360,000",177
TV/방송,ATEEZ,"2,330,000","228,870,000",304
음악/댄스/가수,United CUBE (CUBE Entertainment Official YouTube Channel),"2,320,000","718,130,000","1,556"
TV/방송,EBSDocumentary (EBS 다큐),"2,300,000","2,071,040,000","28,314"
음악/댄스/가수,창현,"2,300,000","275,570,000",753
BJ/인물/연예인,VIVA DANCE STUDIO,"2,250,000","390,960,000","2,059"
음악/댄스/가수,Jessi,"2,240,000","315,460,000",44
BJ/인물/연예인,JOLLY,"2,240,000","496,200,000",336
음악/댄스/가수,여자친구 GFRIEND OFFICIAL,"2,230,000","433,790,000",515
패션/미용,RISABAE,"2,230,000","261,530,000",365
BJ/인물/연예인,흔한남매,"2,220,000","2,090,290,000",774
패션/미용,미지우 MEJIWOO,"2,210,000","31,700,000",29
영화/만화/애니,총몇명,"2,210,000","757,120,000",304
BJ/인물/연예인,진용진,"2,200,000","627,250,000",413
음식/요리/레시피,애정 Aejeong,"2,200,000","337,750,000",397
키즈/어린이,꼬마버스 타요,"2,190,000","1,695,430,000","2,254"
키즈/어린이,또봇 V · 메탈리온 [Tobot V · Metalions],"2,190,000","2,709,330,000","1,866"
키즈/어린이,MariAndFriends,"2,190,000","1,452,460,000","1,748"
음악/댄스/가수,채널 NCT MUSIC,"2,180,000","159,400,000",29
음악/댄스/가수,SHINee,"2,180,000","190,880,000",138
BJ/인물/연예인,International Couple[사샤와 제이],"2,180,000","230,920,000",143
BJ/인물/연예인,엔조이커플enjoycouple,"2,180,000","758,770,000",522
키즈/어린이,Boys Playtime,"2,170,000","1,028,380,000",420
음식/요리/레시피,꿀키honeykki,"2,170,000","266,950,000",424
음악/댄스/가수,official IZ*ONE,"2,160,000","538,050,000",270
BJ/인물/연예인,해그린달 haegreendal,"2,160,000","87,830,000",59
음악/댄스/가수,채널 NCT DANCE,"2,150,000","185,700,000",42
음식/요리/레시피,푸드킹덤 Food Kingdom,"2,130,000","761,920,000",802
해외,The Wiggles,"2,130,000","2,568,660,000",624
음악/댄스/가수,SUPER JUNIOR,"2,130,000","96,550,000",186
뉴스/정치/사회,SBS Catch,"2,120,000","2,002,680,000","3,248"
TV/방송,스브스 예능맛집,"2,120,000","1,603,210,000","3,434"
미분류,MONSTA X,"2,110,000","237,210,000",42
미분류,김종국 GYM JONG KOOK,"2,110,000","57,910,000",12
음식/요리/레시피,ZOEY ASMR 조이,"2,110,000","485,000,000",613
게임,감스트GAMST,"2,100,000","1,409,740,000","4,461"
음악/댄스/가수,4Minute 포미닛(Official YouTube Channel),"2,090,000","1,240,440,000",82
영화/만화/애니,레이디버그TV,"2,080,000","1,091,410,000",326
애완/반려동물,수리노을SuriNoel,"2,070,000","712,980,000","1,038"
BJ/인물/연예인,공대생 변승주 DS,"2,070,000","1,391,380,000","1,446"
음악/댄스/가수,OfficialGDRAGON,"2,060,000","54,890,000",0
음악/댄스/가수,The K-POP,"2,040,000","580,250,000","7,405"
교육/강의,디바제시카DeevaJessica,"2,040,000","842,060,000","2,947"
TV/방송,퇴경아 약먹자,"2,030,000","335,600,000",654
키즈/어린이,"토닥토닥 꼬모 - 애니메이션, 동요, 놀이","2,010,000","2,342,180,000",833
TV/방송,보길 bogil,"2,000,000","794,770,000","1,101"
키즈/어린이,캐리TV 장난감친구들,"2,000,000","2,643,510,000","2,668"
음식/요리/레시피,흥삼이네 Heungsam's Family,"2,000,000","993,550,000","1,376"
키즈/어린이,[wonderkids TV] 원더키즈 TV,"1,990,000","875,070,000",921
음악/댄스/가수,헨리 Henry Lau,"1,970,000","166,950,000",173
교육/강의,올리버쌤,"1,970,000","493,160,000",614
미분류,THEBLACKLABEL,"1,960,000","329,480,000",78
키즈/어린이,Toy Wizard [토이위자드],"1,960,000","721,150,000",643
음악/댄스/가수,woolliment,"1,950,000","750,660,000",757
게임,잠뜰 TV,"1,950,000","2,471,580,000","2,805"
음식/요리/레시피,JerryPop,"1,930,000","691,720,000",414
음악/댄스/가수,EXID_OFFICIAL,"1,920,000","640,240,000",332
음악/댄스/가수,CHEN,"1,910,000","30,880,000",10
키즈/어린이,뉴욕이네 (뉴욕이랑 놀자),"1,910,000","859,400,000",708
음식/요리/레시피,도남이먹방Donam,"1,910,000","611,450,000",796
미분류,GoogleDoodles,"1,890,000","409,430,000",104
교육/강의,The World of Dave데이브,"1,890,000","450,040,000",629
애완/반려동물,밀키복이탄이MilkyBokiTan,"1,880,000","549,300,000",359
IT/기술/컴퓨터,ITSub잇섭,"1,880,000","568,110,000",789
TV/방송,tvN D STUDIO,"1,860,000","536,380,000",980
TV/방송,아는형님 Knowingbros,"1,800,000","728,530,000","1,399"
뉴스/정치/사회,SBS 뉴스,"1,800,000","2,727,400,000","112,235"
음악/댄스/가수,셀프어쿠스틱selfacoustic,"1,800,000","415,000,000",150
음악/댄스/가수,ARIRANG K-POP,"1,790,000","714,550,000","27,735"
미분류,CL Official Channel,"1,780,000","122,670,000",43
뉴스/정치/사회,채널A,"1,780,000","2,041,880,000","21,821"
음식/요리/레시피,ASMR Suna 꿀꿀선아,"1,780,000","421,740,000",321
키즈/어린이,Dollightful,"1,770,000","269,830,000",147
음식/요리/레시피,FoodieBoy 푸디보이,"1,770,000","625,410,000","1,118"
게임,악동 김블루,"1,760,000","971,520,000",759
키즈/어린이,꾹TV(Kkuk TV),"1,760,000","1,023,010,000","1,374"
취미/라이프,Imaginative Guy,"1,750,000","555,700,000",109
스포츠/운동,Allblanc TV,"1,740,000","189,320,000",331
음악/댄스/가수,A-YEON,"1,740,000","204,010,000",58
음악/댄스/가수,DAY6,"1,730,000","248,270,000",330
음악/댄스/가수,BTOB 비투비 (Official YouTube Channel),"1,730,000","399,550,000",508
뉴스/정치/사회,JTBC News,"1,720,000","2,443,150,000","117,293"
음식/요리/레시피,입짧은햇님,"1,720,000","667,770,000","2,448"
IT/기술/컴퓨터,밝은 면 Bright Side Korea,"1,720,000","446,290,000","3,229"
음악/댄스/가수,비몽,"1,710,000","897,700,000","4,577"
음악/댄스/가수,MLD ENTERTAINMENT,"1,710,000","675,890,000",587
BJ/인물/연예인,보물섬,"1,710,000","1,094,130,000",438
패션/미용,Wishtrend TV,"1,700,000","143,210,000",817
애완/반려동물,내셔널지오그래픽 - National Geographic Korea,"1,690,000","727,420,000","3,007"
게임,양띵 유튜브,"1,690,000","1,888,770,000","7,257"
음악/댄스/가수,loonatheworld,"1,670,000","588,090,000","1,023"
교육/강의,슈카월드,"1,670,000","244,230,000",907
영화/만화/애니,고몽,"1,670,000","695,770,000",448
패션/미용,조효진 HYOJIN,"1,670,000","159,010,000",298
게임,대도서관TV (buzzbean11),"1,660,000","1,420,750,000","9,333"
TV/방송,dingo freestyle,"1,660,000","930,060,000",932
애완/반려동물,슈앤트리 SHU AND TREE,"1,660,000","354,680,000",351
키즈/어린이,캐릭온 TV,"1,630,000","1,732,560,000",745
음식/요리/레시피,슈기님,"1,630,000","630,690,000","1,415"
영화/만화/애니,짤툰,"1,610,000","818,870,000",400
음식/요리/레시피,HONG SOUND,"1,610,000","373,380,000",996
TV/방송,콬TV,"1,610,000","531,510,000",745
음악/댄스/가수,GOT7,"1,600,000","20,490,000",3
패션/미용,Leesuhyun,"1,600,000","72,520,000",101
BJ/인물/연예인,더블비,"1,600,000","921,450,000",451
음식/요리/레시피,Chihun ASMR 치훈,"1,590,000","272,940,000",404
음악/댄스/가수,DJ SODA OFFICIAL,"1,590,000","220,870,000",154
스포츠/운동,SPOTV,"1,590,000","1,341,440,000","40,166"
게임,뜨뜨뜨뜨,"1,590,000","718,870,000","1,447"
음악/댄스/가수,PENTAGON 펜타곤 (Official YouTube Channel),"1,580,000","217,340,000",367
음식/요리/레시피,최고다윽박EUGBAK,"1,580,000","856,560,000","1,535"
주식/경제/부동산,신사임당,"1,570,000","206,560,000",981
음악/댄스/가수,OfficialLEEHI,"1,570,000","331,110,000",94
키즈/어린이,덕대-DD film,"1,570,000","744,940,000","1,592"
음악/댄스/가수,THE BOYZ,"1,560,000","259,870,000",484
음악/댄스/가수,NU'EST,"1,560,000","228,770,000",614
뉴스/정치/사회,EBSCulture (EBS 교양),"1,550,000","1,167,720,000","41,251"
TV/방송,조재원,"1,540,000","393,130,000",275
미분류,GH'S,"1,530,000","704,630,000",97
뉴스/정치/사회,MBCNEWS,"1,530,000","3,485,590,000","116,448"
음악/댄스/가수,버블디아,"1,530,000","400,900,000","1,192"
음악/댄스/가수,DOJIN도진이,"1,520,000","79,680,000",47
음식/요리/레시피,ETTV 이티티비,"1,520,000","641,220,000","1,023"
키즈/어린이,Edu car toy school,"1,520,000","789,890,000","1,267"
키즈/어린이,유라야놀자(Let's play YURA),"1,520,000","1,588,490,000","1,401"
패션/미용,ssin 씬님,"1,520,000","436,500,000",690
TV/방송,KBS 한국방송,"1,510,000","1,411,270,000","28,122"
TV/방송,문명특급 - MMTG,"1,510,000","313,780,000",230
키즈/어린이,지니키즈 Genikids (인기 동요・동화),"1,510,000","1,182,120,000","1,212"
게임,태경 TV,"1,510,000","2,179,010,000","2,521"
게임,김재원의 즐거운 세상,"1,510,000","1,609,440,000","1,796"
주식/경제/부동산,삼프로TV_경제의신과함께,"1,500,000","408,220,000","5,448"
음악/댄스/가수,Daily Busking,"1,500,000","592,810,000",966
키즈/어린이,브라보키즈_BRAVO KIDS,"1,490,000","1,537,890,000","1,765"
음식/요리/레시피,승우아빠,"1,490,000","419,970,000",589
영화/만화/애니,지무비 : G Movie,"1,490,000","504,540,000",238
TV/방송,MBN Entertainment,"1,480,000","1,484,630,000","36,672"
음식/요리/레시피,[Nareum_TV] 나름TV,"1,470,000","530,240,000",794
BJ/인물/연예인,웃소 Wootso,"1,470,000","1,359,580,000",687
뉴스/정치/사회,진성호방송,"1,460,000","1,712,370,000","7,788"
뉴스/정치/사회,KBS Drama Classic,"1,450,000","1,328,480,000","9,434"
음악/댄스/가수,FNCEnt,"1,450,000","303,350,000","1,427"
음악/댄스/가수,Chuther츄더[문에스더],"1,450,000","199,750,000",142
음식/요리/레시피,ARIKITCHEN (아리키친),"1,450,000","345,560,000",446
취미/라이프,피식대학Psick Univ,"1,440,000","359,880,000",375
뉴스/정치/사회,디글 클래식 :Diggle Classic,"1,440,000","3,336,060,000","22,384"
게임,T1 Faker,"1,440,000","265,490,000","1,199"
TV/방송,"안구정화TV, Your Korean Friend","1,440,000","116,450,000",158
BJ/인물/연예인,혜리,"1,430,000","70,610,000",66
음악/댄스/가수,Lemoring,"1,430,000","784,330,000",487
음식/요리/레시피,칩chip,"1,430,000","190,110,000",36
음악/댄스/가수,시즌비시즌 Season B Season,"1,420,000","142,930,000",56
뉴스/정치/사회,신의한수,"1,420,000","1,135,370,000","8,400"
BJ/인물/연예인,[상윤쓰]Sangyoon,"1,410,000","276,570,000",147
TV/방송,동네놈들,"1,410,000","302,900,000",268
음악/댄스/가수,K-Tigers TV,"1,410,000","202,850,000",461
음식/요리/레시피,엠브로 MBRO,"1,410,000",0,0
애완/반려동물,[THE SOY]루퐁이네,"1,400,000","408,700,000",318
BJ/인물/연예인,급식왕,"1,400,000","1,558,500,000",634
BJ/인물/연예인,철구형 (CHULTUBE),"1,400,000","1,279,560,000","6,895"
TV/방송,KBS HUMAN: 뭉클티비,"1,390,000","707,540,000","3,422"
TV/방송,MKTV 김미경TV,"1,390,000","259,100,000","1,629"
TV/방송,Solfa,"1,390,000","212,640,000",49
음악/댄스/가수,AOMGOFFICIAL,"1,380,000","288,310,000",338
교육/강의,사물궁이 잡학지식,"1,380,000","220,550,000",280
BJ/인물/연예인,NALU,"1,370,000","102,370,000",153
미분류,식빵언니 김연경Bread Unnie,"1,360,000","69,790,000",53
뉴스/정치/사회,SBS STORY,"1,360,000","1,720,320,000","78,824"
음악/댄스/가수,워너뮤직코리아 (Warner Music Korea),"1,360,000","785,890,000","2,430"
음악/댄스/가수,BEAST 비스트 (Official YouTube Channel),"1,360,000","582,640,000",118
음식/요리/레시피,산적TV 밥굽남,"1,360,000","279,910,000",537
TV/방송,Mera,"1,360,000","1,190,080,000","7,536"
BJ/인물/연예인,JAYKEEOUT,"1,360,000","180,530,000",210
키즈/어린이,티디키즈 by 지니키즈,"1,350,000","875,970,000",392
뉴스/정치/사회,세바시 강연 Sebasi Talk,"1,340,000","280,130,000","1,987"
뉴스/정치/사회,KBS News,"1,330,000","1,868,910,000","177,414"
TV/방송,BLACKHAND,"1,320,000","321,990,000",50
교육/강의,jannahkorea 잔나코리아,"1,320,000","118,240,000",417
BJ/인물/연예인,박막례 할머니 Korea Grandma,"1,320,000","397,960,000",431
BJ/인물/연예인,신세경 sjkuksee,"1,310,000","45,780,000",33
영화/만화/애니,CheezeFilm,"1,310,000","358,750,000",204
음악/댄스/가수,Apink (에이핑크),"1,310,000","351,530,000",625
BJ/인물/연예인,꽈뚜룹,"1,310,000","402,190,000",725
음악/댄스/가수,AOA (에이오에이),"1,300,000","674,930,000",194
키즈/어린이,헬로카봇 - hello carbot official,"1,300,000","1,175,040,000","1,137"
키즈/어린이,뉴욕이랑 컬러,"1,290,000","468,100,000",506
TV/방송,dingo global DGG,"1,290,000","387,830,000",398
애완/반려동물,강형욱의 보듬TV - Dog Trainer Kang,"1,290,000","226,320,000",695
취미/라이프,탱구TV,"1,290,000","46,090,000",27
BJ/인물/연예인,정선호,"1,290,000","472,680,000",424
키즈/어린이,깨비키즈 [KEBIKIDS],"1,280,000","1,405,380,000","1,717"
패션/미용,lamuqe,"1,280,000","117,570,000",271
음악/댄스/가수,GENIE MUSIC,"1,280,000","435,950,000","3,951"
TV/방송,딩고 스토리 / dingo story,"1,280,000","283,770,000",334
취미/라이프,낄낄상회,"1,270,000","322,160,000",230
음악/댄스/가수,선미 SUNMI,"1,270,000","251,480,000",148
TV/방송,디스커버리 서바이벌 - Discovery Survival,"1,270,000","354,430,000",390
교육/강의,체인지그라운드,"1,270,000","233,650,000","3,103"
TV/방송,Beginagain 비긴어게인,"1,260,000","486,790,000",892
음악/댄스/가수,ONEUS,"1,260,000","184,160,000",339
음악/댄스/가수,Prepix Dance Studio,"1,260,000","219,350,000","3,964"
음악/댄스/가수,RealVIXX,"1,260,000","366,690,000",724
음악/댄스/가수,Dreamcatcher official,"1,250,000","317,310,000",380
음악/댄스/가수,2PM,"1,250,000","361,190,000",411
음식/요리/레시피,취미로 요리하는 남자 Yonam,"1,250,000","103,630,000",68
스포츠/운동,Shoot for Love 슛포러브,"1,250,000","663,910,000",727
게임,악어 유튜브,"1,240,000","1,382,290,000","6,338"
영화/만화/애니,김시선,"1,240,000","392,200,000",371
게임,우왁굳의 게임방송,"1,230,000","978,630,000","7,277"
TV/방송,피키픽처스 Piki Pictures,"1,230,000","449,010,000",569
교육/강의,seemile Korean 씨마일 한국어,"1,220,000","89,950,000","1,100"
TV/방송,14F 일사에프,"1,220,000","387,010,000","2,259"
TV/방송,eaJ,"1,220,000","48,190,000",31
애완/반려동물,크집사,"1,220,000","193,110,000",292
음식/요리/레시피,파뿌리,"1,220,000","1,028,820,000","1,330"
BJ/인물/연예인,임영웅,"1,210,000","984,840,000",573
TV/방송,놀면 뭐하니?,"1,210,000","426,900,000",581
뉴스/정치/사회,채널A 뉴스,"1,210,000","1,443,610,000","61,275"
교육/강의,Talk To Me In Korean,"1,210,000","58,460,000","1,697"
음식/요리/레시피,스윗더미 . Sweet The MI,"1,210,000","116,860,000",318
음악/댄스/가수,official A.C.E,"1,210,000","158,890,000",549
BJ/인물/연예인,턱형 (GOD-TUK),"1,200,000","423,790,000",529
게임,우주하마,"1,200,000","601,480,000","1,802"
취미/라이프,휘트니 whitney bae,"1,200,000","300,710,000",317
게임,테스터훈 TesterHoon,"1,200,000","771,330,000","2,307"
음식/요리/레시피,DICKHUNTER딕헌터🌶,"1,200,000","297,660,000",378
패션/미용,다또아Daddoa,"1,190,000","92,410,000",185
BJ/인물/연예인,Lia Kim,"1,190,000","66,010,000",53
패션/미용,회사원A,"1,190,000","387,080,000",506
BJ/인물/연예인,수상한녀석들,"1,190,000","245,730,000",167
음악/댄스/가수,SEVENTEEN Japan official Youtube,"1,180,000","188,790,000",107
TV/방송,Coreaníssima 엘레나,"1,180,000","77,210,000",168
음악/댄스/가수,MOVE Dance Studio,"1,180,000","240,710,000","2,367"
게임,침착맨,"1,180,000","693,390,000","5,891"
미분류,INTHESOOP_TV,"1,170,000","19,070,000",13
TV/방송,sNack!,"1,170,000","906,510,000","1,857"
음악/댄스/가수,TJ KARAOKE TJ 노래방 공식 유튜브채널,"1,170,000","1,330,620,000","55,205"
TV/방송,잼스터,"1,170,000","326,440,000",360
BJ/인물/연예인,ondo온도,"1,170,000","114,580,000",170
뉴스/정치/사회,사람사는세상노무현재단,"1,170,000","118,840,000",803
TV/방송,달라스튜디오,"1,160,000","129,540,000",78
영화/만화/애니,PLAYY ANI 플레이애니,"1,160,000","469,110,000",630
TV/방송,오분순삭,"1,150,000","1,185,050,000","1,521"
음악/댄스/가수,DaftTaengk,"1,150,000","672,810,000","5,280"
TV/방송,CJ ENM,"1,150,000","1,743,470,000","14,900"
BJ/인물/연예인,소련여자 Soviet girl in Seoul,"1,140,000","154,070,000",100
TV/방송,그것이 알고싶다 공식계정,"1,140,000","289,860,000",519
키즈/어린이,미니카 Minicar,"1,140,000","664,000,000","1,649"
취미/라이프,Squash Clay 쪼물쪼물 클레이,"1,140,000","195,180,000",453
교육/강의,조승연의 탐구생활,"1,130,000","79,490,000",196
음식/요리/레시피,우리의식탁 W TABLE,"1,130,000","85,480,000",348
BJ/인물/연예인,Cheri Hyeri 체리 혜리,"1,130,000","156,670,000",360
음식/요리/레시피,이 남자의 cook,"1,120,000","200,940,000",529
음식/요리/레시피,야식이,"1,120,000","393,380,000","1,211"
TV/방송,KBS CoolFM,"1,120,000","535,680,000","8,273"
음악/댄스/가수,CLC 씨엘씨 (Official YouTube Channel),"1,120,000","219,540,000",187
음악/댄스/가수,YGTAEYANG,"1,120,000","60,810,000",26
TV/방송,한문철 TV,"1,120,000","977,880,000","12,977"
TV/방송,오킹TV,"1,120,000","423,640,000","1,222"
TV/방송,티캐스트 tcast,"1,120,000","1,283,390,000","9,333"
영화/만화/애니,Tooniverse-투니버스,"1,120,000","785,350,000","3,820"
음식/요리/레시피,야식이,"1,120,000","393,380,000","1,211"
음식/요리/레시피,애주가TV참PD,"1,120,000","507,750,000","1,095"
애완/반려동물,haha ha,"1,120,000","377,350,000",418
미분류,디글 :Diggle,"1,110,000","2,158,250,000","13,179"
음식/요리/레시피,먹어볼래TryToEat,"1,110,000","160,310,000",195
뉴스/정치/사회,TBS 시민의방송,"1,110,000","880,710,000","34,698"
음식/요리/레시피,맛있는 녀석들 (Tasty Guys),"1,110,000","1,206,240,000","3,059"
국내/해외/여행,코이티비KOITV,"1,110,000","712,200,000","1,225"
미분류,SiriusXM,"1,100,000","704,720,000","6,105"
음악/댄스/가수,강다니엘 KANGDANIEL,"1,100,000","176,640,000",113
게임,혜안,"1,100,000","396,290,000",753
게임,릴카,"1,100,000","380,620,000",882
회사/오피셜,미스&미스터트롯 공식계정,"1,090,000","827,950,000","3,027"
음식/요리/레시피,BenDeen,"1,090,000","138,470,000",286
키즈/어린이,woojoo우주,"1,090,000","359,030,000",85
음악/댄스/가수,PLEDIS ENTERTAINMENT,"1,090,000","276,150,000",250
TV/방송,뻑가 PPKKa,"1,090,000","642,020,000",718
음악/댄스/가수,UPVOTE Entertainment,"1,090,000","258,150,000","1,293"
취미/라이프,rappeler하쁠리,"1,090,000","420,270,000",679
주식/경제/부동산,[삼성증권] Samsung POP,"1,080,000","108,480,000",909
TV/방송,V LIVE,"1,080,000","630,820,000","2,774"
TV/방송,Dingo K-Drama,"1,080,000","195,940,000",411
취미/라이프,효기심,"1,080,000","132,310,000",176
키즈/어린이,마이린 TV,"1,080,000","734,770,000","2,258"
BJ/인물/연예인,성수커플 - S.S Couple,"1,080,000","323,200,000",386
주식/경제/부동산,미래에셋 스마트머니,"1,070,000","90,490,000","1,074"
애완/반려동물,정브르,"1,070,000","488,540,000","1,491"
미분류,MayTree,"1,060,000","121,130,000",139
음악/댄스/가수,CNBLUE (씨엔블루),"1,060,000","212,250,000",181
TV/방송,SK telecom,"1,060,000","884,520,000","2,305"
TV/방송,sankok esl,"1,060,000","8,750,000",99
BJ/인물/연예인,조섭 Jossup,"1,060,000","444,180,000","1,182"
BJ/인물/연예인,Sibongtv 시봉tv,"1,060,000","62,990,000",284
음악/댄스/가수,MORE THAN YOUTH,"1,050,000","250,380,000",702
음악/댄스/가수,Rock Music,"1,050,000","562,650,000","7,689"
게임,겜브링 GGAM BRING,"1,050,000","1,162,070,000","2,061"
음식/요리/레시피,핫도그TV,"1,050,000","734,390,000",879
TV/방송,이슈텔러 issueTeller,"1,050,000","452,310,000",568
TV/방송,밍꼬발랄Mingggo,"1,050,000","1,292,480,000",857
패션/미용,써니채널 Sunny's Channel,"1,040,000","94,720,000",162
패션/미용,kiu기우쌤,"1,040,000","285,830,000",314
교육/강의,법륜스님의 즉문즉설,"1,040,000","675,280,000","1,789"
뉴스/정치/사회,비디오머그 - VIDEOMUG,"1,040,000","1,700,560,000","5,042"
음식/요리/레시피,얌무YAMMoo,"1,040,000","202,790,000",593
IT/기술/컴퓨터,약사가 들려주는 약 이야기,"1,030,000","119,950,000",447
스포츠/운동,힙으뜸,"1,030,000","172,920,000",331
TV/방송,모비딕 Mobidic,"1,030,000","306,070,000","1,175"
음악/댄스/가수,빅마블,"1,030,000","8,210,000",9
영화/만화/애니,드림텔러(DreamTeller),"1,030,000","471,980,000",487
BJ/인물/연예인,소근커플 S.K.Couple,"1,030,000","359,150,000",394
취미/라이프,Bandung Oppa 반둥오빠,"1,030,000","84,190,000",348
BJ/인물/연예인,헌터퐝,"1,020,000","201,400,000",256
키즈/어린이,브레드이발소,"1,020,000","440,010,000",629
음악/댄스/가수,SUPER SOUND Bugs!,"1,020,000","643,560,000","2,974"
게임,킴성태TV,"1,020,000","688,470,000","1,613"
영화/만화/애니,B Man 삐맨,"1,020,000","485,190,000",510
취미/라이프,츄팝,"1,020,000","466,410,000",457
영화/만화/애니,DinoCore TUBA,"1,010,000","700,040,000",900
키즈/어린이,JoyKids,"1,010,000","566,060,000",150
영화/만화/애니,달빛뮤즈,"1,010,000","218,140,000",386
교육/강의,공부의신 강성태,"1,010,000","262,130,000","2,569"
TV/방송,우와한 비디오,"1,000,000","1,095,950,000","1,140"
게임,기리TV,"1,000,000","983,480,000","2,541"
취미/라이프,집꾸미기,"1,000,000","94,110,000",221
게임,쁘허,"1,000,000","353,250,000",944
TV/방송,딩고 / dingo,"990,000","326,920,000",670
미분류,히밥heebab,"990,000","232,500,000",338
미분류,수빙수tv sooBingsoo,"980,000","284,550,000",250
미분류,채꾸똥꾸 (Cherry & Dong),"980,000","256,340,000",271
영화/만화/애니,Puuung,"980,000","46,130,000",302
BJ/인물/연예인,유준호,"980,000","421,240,000","1,240"
취미/라이프,Kim Miso,"980,000","56,890,000",300
취미/라이프,ColorMonsters Toy,"970,000","544,930,000","1,040"
게임,램램TV,"970,000","792,240,000","2,180"
게임,코너Korner,"970,000","581,230,000",578
뉴스/정치/사회,KBS 다큐,"970,000","569,400,000","49,739"
취미/라이프,제이제이살롱드핏,"970,000","180,820,000",418
게임,텔론,"970,000","894,430,000","3,104"
음식/요리/레시피,SOF,"970,000","355,130,000","1,508"
스포츠/운동,말왕TV,"960,000","331,380,000",880
미분류,논리왕 전기,"960,000","97,770,000",81
해외,TNT,"960,000","598,590,000","4,339"
키즈/어린이,마시따 MASITTA,"950,000","559,120,000",216
음악/댄스/가수,일반인들의 소름돋는 라이브 / Best covers,"950,000","376,180,000","3,695"
키즈/어린이,퍼플 토이박스(Purple Toy Box),"950,000","584,760,000","1,343"
게임,액션홍구,"950,000","529,540,000","2,909"
음악/댄스/가수,장범준,"940,000","352,980,000",504
뉴스/정치/사회,SBS Radio 에라오,"940,000","500,160,000","15,908"
TV/방송,키에커,"940,000","263,390,000",153
음악/댄스/가수,KIM HYUN JOONG.official,"940,000","116,580,000",318
TV/방송,유병재,"940,000","116,700,000",129
BJ/인물/연예인,남순 NS,"930,000","911,430,000","3,525"
게임,잉여맨 유튜브,"930,000","816,230,000","2,065"
게임,마재TV,"930,000","652,260,000","3,810"
뉴스/정치/사회,뉴스TVCHOSUN,"920,000","685,430,000","64,022"
BJ/인물/연예인,(MUTUBE)와꾸대장봉준,"920,000","803,360,000","7,658"
음식/요리/레시피,삼대장 Samdaejang,"920,000","490,490,000","1,059"
BJ/인물/연예인,U.M.A.우마,"920,000","217,240,000",139
음식/요리/레시피,가르마[GARMA],"910,000","259,670,000","1,114"
TV/방송,YG TREASURE BOX,"910,000","251,340,000",496
미분류,연스커플 Yeon's Couple,"910,000","152,630,000",226
BJ/인물/연예인,띠미 ddimmi,"910,000","343,410,000",706
키즈/어린이,Boram Tube Friends,"910,000","7,310,000",73
게임,유키 YOUKI,"910,000","207,870,000",891
게임,괴물쥐 유튜브,"910,000","609,820,000",852
TV/방송,배꼽빌라,"910,000","278,760,000",380
패션/미용,디렉터 파이,"910,000","123,430,000",261
음악/댄스/가수,ALiEN,"900,000","179,790,000",259
미분류,Louis Vuitton,"900,000","390,480,000",280
BJ/인물/연예인,슛뚜sueddu,"900,000","42,930,000",176
게임,테드TV,"900,000","795,070,000","2,180"
패션/미용,Saerom Min개코의 오픈스튜디오,"890,000","100,240,000",147
패션/미용,윤쨔미 YoonCharmi,"890,000","233,190,000",321
음악/댄스/가수,MUPLY 뮤플리,"890,000","218,870,000",419
영화/만화/애니,LICO TV,"890,000","127,430,000",186
키즈/어린이,토깽이네,"890,000","876,310,000","1,366"
미분류,김소형 채널H,"890,000","155,600,000",749
영화/만화/애니,WatchcarTV,"890,000","415,480,000",201
게임,군림보,"890,000","598,330,000","4,780"
미분류,핏블리 FITVELY,"890,000","205,990,000",568
뉴스/정치/사회,배승희 변호사,"880,000","408,590,000","1,225"
TV/방송,김이브님 [kim eve],"880,000","630,530,000","2,836"
미분류,공부왕찐천재 홍진경,"880,000","80,350,000",78
애완/반려동물,Girls Planet,"880,000","288,600,000",379
음악/댄스/가수,MUSIC&NEW 뮤직앤뉴,"880,000","935,100,000","6,809"
미분류,김작가 TV,"880,000","164,400,000","1,276"
미분류,밀라논나 Milanonna,"880,000","54,310,000",80
회사/오피셜,SM C&C STUDIO,"880,000","103,620,000",515
음악/댄스/가수,SF9,"880,000","64,240,000",268
뉴스/정치/사회,신인균의 국방TV,"880,000","407,410,000","1,558"
미분류,사피엔스 스튜디오,"870,000","243,570,000","2,689"
국내/해외/여행,Sophie Kim _하은,"870,000","28,000,000",117
키즈/어린이,POYO Music Official,"870,000","664,510,000","1,449"
미분류,미션 파서블,"860,000","100,730,000",94
게임,머독방송,"860,000","777,880,000","11,381"
미분류,1분미만,"860,000","184,500,000",119
키즈/어린이,액션 Action,"860,000","417,920,000","1,588"
키즈/어린이,뚜아뚜지TV,"860,000","360,770,000","1,218"
TV/방송,옛능 : MBC 옛날 예능 다시보기,"860,000","1,060,790,000","2,082"
음악/댄스/가수,missA,"860,000","361,580,000",49
키즈/어린이,Toystar TV,"860,000","349,680,000",72
뉴스/정치/사회,MBN News,"860,000","876,070,000","95,707"
취미/라이프,달려라치킨 Dalchi,"850,000","214,050,000",591
게임,연다,"850,000","518,650,000","1,806"
해외,Variety,"850,000","411,640,000","4,059"
음악/댄스/가수,TSENT2008,"840,000","381,110,000",445
음식/요리/레시피,고기남자 MeatMan,"840,000","104,130,000",69
음악/댄스/가수,HOLLAND,"840,000","29,470,000",28
게임,울산큰고래 박성주,"840,000","624,460,000","3,105"
음악/댄스/가수,ALL THE K-JAM 올더케이잼,"840,000","861,050,000","13,567"
영화/만화/애니,Hello Jadoo TV 안녕 자두야,"840,000","315,360,000",468
뉴스/정치/사회,딴지방송국,"840,000","190,760,000",643
애완/반려동물,냥이아빠,"830,000","283,100,000",448
TV/방송,라이프타임,"830,000","305,680,000","1,530"
TV/방송,z a m,"830,000","571,990,000","1,777"
국내/해외/여행,빠니보틀 Pani Bottle,"830,000","161,940,000",215
영화/만화/애니,리뷰엉이: Owl's Review,"830,000","299,690,000",450
음식/요리/레시피,뽐뽐뽐,"830,000","64,190,000",178
미분류,임한올 Hanol Rim,"830,000","89,290,000",140
교육/강의,라이브 아카데미,"830,000","74,500,000",462
패션/미용,Jella젤라,"830,000","56,000,000",185
BJ/인물/연예인,강유미 yumi kang좋아서 하는 채널,"820,000","187,900,000",312
음악/댄스/가수,H1GHR MUSIC,"820,000","208,710,000",466
영화/만화/애니,빨강도깨비,"820,000","326,240,000",330
IT/기술/컴퓨터,의학채널 비온뒤,"820,000","180,770,000","4,318"
게임,돼지저금통,"820,000","1,375,050,000","5,492"
IT/기술/컴퓨터,1분과학,"820,000","76,020,000",60
키즈/어린이,고고다이노-GOGO DINO,"820,000","603,470,000",804
음식/요리/레시피,서담SEODAM,"820,000","146,630,000",230
TV/방송,Mdromeda KPOP,"820,000","241,110,000",455
BJ/인물/연예인,쿠쿠크루 - Cuckoo Crew,"820,000","450,020,000",617
취미/라이프,Mimine Miniature 미미네 미니어처,"820,000","158,200,000",162
게임,개리형,"810,000","311,810,000",547
음악/댄스/가수,CL,"810,000","56,930,000",5
해외,ZeeKay Junior,"810,000","814,550,000",844
TV/방송,이환,"810,000","259,120,000",334
TV/방송,Megan Moon,"810,000","128,440,000",517
패션/미용,UNA 유나,"810,000","64,300,000",149
음악/댄스/가수,Jenny Yun,"810,000","114,910,000",555
TV/방송,fantagio 판타지오,"810,000","177,180,000",213
영화/만화/애니,신비아파트 공식채널 - Shinbi House,"810,000","448,360,000","1,075"
음악/댄스/가수,PARK JIHOON Official,"810,000","42,380,000",176
패션/미용,areumsongee아름송이,"800,000","66,350,000",179
미분류,TOP MEDIA,"800,000","160,070,000",498
TV/방송,준우,"800,000","186,850,000",160
BJ/인물/연예인,SUNBA선바,"800,000","951,940,000","2,219"
게임,Partition Zion,"790,000","343,610,000",923
음악/댄스/가수,OFFICIAL EPIK HIGH,"790,000","228,010,000",208
키즈/어린이,리틀조이 LittleJoy,"790,000","221,790,000",195
TV/방송,리모콘 by iHQ,"790,000","688,370,000","5,115"
미분류,하하 PD HAHA PD,"790,000","39,430,000",72
미분류,Rolling Stone,"790,000","253,410,000","2,888"
미분류,Jin & Juice,"790,000","130,990,000",171
영화/만화/애니,9bul,"790,000","227,890,000",201
음식/요리/레시피,THE BOB - 더 밥 스튜디오,"780,000","55,660,000",538
패션/미용,한별Hanbyul,"780,000","124,330,000",272
TV/방송,찬우살이,"780,000","27,830,000",142
음악/댄스/가수,• m i n a m o c h i •,"780,000","339,840,000",118
BJ/인물/연예인,StimBoy스팀보이,"780,000","364,720,000",649
미분류,엄마의손맛,"780,000","156,970,000",553
뉴스/정치/사회,조선일보,"780,000","422,650,000","12,904"
영화/만화/애니,람다람,"780,000","85,120,000",61
TV/방송,옐언니,"780,000","190,290,000",335
주식/경제/부동산,E트렌드,"780,000","72,810,000","1,399"
TV/방송,STUDIO DIA 스튜디오 다이아,"780,000","201,480,000",506
음악/댄스/가수,HyunA 현아 (Official YouTube Channel),"770,000","99,050,000",10
키즈/어린이,메카드 - MECARD OFFICIAL,"770,000","607,190,000","1,176"
미분류,이리오너라,"770,000","48,840,000","1,560"
미분류,토모토모TomoTomo,"770,000","116,050,000",114
게임,Dorami,"770,000","190,210,000","1,060"
게임,T1,"770,000","211,830,000","2,553"
TV/방송,TongTongTv 통통컬처,"770,000","536,900,000","11,224"
음악/댄스/가수,BRANDNEW MUSIC,"770,000","262,990,000","1,243"
TV/방송,이라이라경 ravely,"770,000","208,210,000",329
애완/반려동물,속삭이는몽자,"770,000","186,710,000",451
음악/댄스/가수,wondergirls,"770,000","406,380,000",217
게임,김왼팔,"770,000","473,580,000","2,115"
미분류,뽀송한 준_bosungjun,"770,000","50,770,000",89
미분류,양장금주부,"770,000","156,130,000",546
미분류,지켜츄 Chuu Can Do It,"770,000","43,220,000",61
BJ/인물/연예인,케이,"760,000","501,750,000","3,127"
뉴스/정치/사회,엠빅뉴스,"760,000","1,585,130,000","3,711"
취미/라이프,공대생가족 GDSF,"760,000","312,450,000","1,227"
키즈/어린이,주니토니 동요동화 - 키즈캐슬,"760,000","697,040,000",579
TV/방송,히스토리,"760,000","480,840,000","1,798"
미분류,SISSEL,"760,000","36,310,000",211
애완/반려동물,다흑,"760,000","480,790,000","2,352"
TV/방송,POWER MOVIE,"760,000","225,190,000",217
게임,탁주 TV,"760,000","1,539,340,000","1,999"
키즈/어린이,ToyCheff,"760,000","355,320,000",449
키즈/어린이,Robot Trains official,"750,000","557,160,000",744
TV/방송,Zaty Farhani,"750,000","813,450,000","1,665"
게임,GCL 지씨엘,"750,000","195,770,000",303
미분류,랄로,"750,000","237,100,000",349
TV/방송,KBS N,"750,000","1,234,730,000","13,444"
뉴스/정치/사회,빽능 - 스브스 옛날 예능,"740,000","841,050,000","3,304"
교육/강의,법륜스님의 희망세상만들기,"740,000","367,850,000",728
회사/오피셜,KB국민카드,"740,000","219,800,000",523
미분류,ROKSEAL,"740,000","72,720,000",81
TV/방송,스튜디오 룰루랄라- studio lululala,"740,000","195,920,000",904
BJ/인물/연예인,bobaepapa - 보배아빠,"740,000","333,940,000",335
TV/방송,Travel Tube,"740,000","761,770,000","1,373"
TV/방송,타임스낵,"740,000","189,600,000",197
패션/미용,Yoo's Beauty 희주,"740,000","22,740,000",105
패션/미용,리아루아 LIALUA,"740,000","205,980,000",314
TV/방송,LDF TV by lottedutyfree,"730,000","563,060,000","1,251"
TV/방송,핫소스,"730,000","467,070,000",466
패션/미용,yeondukong 연두콩,"730,000","97,030,000",369
미분류,Golden Disc Awards,"730,000","190,120,000",501
음악/댄스/가수,HYOLYN 효린,"730,000","135,690,000",113
미분류,천뚱TV,"730,000","68,410,000",34
미분류,CU [씨유튜브],"730,000","18,690,000",212
패션/미용,sunnydahye,"730,000","50,750,000",334
애완/반려동물,시바견 곰이탱이여우,"730,000","358,400,000","1,195"
TV/방송,Kyunghamin твоя корейская онни,"730,000","63,590,000",330
영화/만화/애니,UTZI웃지,"730,000","399,310,000",242
교육/강의,닥터프렌즈,"730,000","136,720,000",502
뉴스/정치/사회,전옥현 안보정론TV,"720,000","340,870,000","4,304"
게임,러너꽃빈TV,"720,000","589,850,000","3,159"
음악/댄스/가수,DKDKTV,"720,000","154,280,000","1,101"
BJ/인물/연예인,송대익 songdaeik,"720,000","376,010,000",447
뉴스/정치/사회,KBS 교양,"720,000","562,110,000","66,674"
음식/요리/레시피,띠예,"720,000","82,530,000",39
음악/댄스/가수,VICTON 빅톤,"720,000","142,400,000",670
음악/댄스/가수,Healing Meditation,"720,000","72,120,000",215
음악/댄스/가수,B1A4 OFFICIAL +,"720,000","184,480,000",317
미분류,leeminho film,"720,000","10,900,000",14
취미/라이프,DanoTV,"720,000","135,750,000",572
음악/댄스/가수,Official fromis_9,"720,000","214,850,000",495
미분류,랭킹스쿨 Ranking School,"720,000","372,450,000",654
음악/댄스/가수,Yuni Marimba 유니 마림바,"720,000","92,560,000",105
음악/댄스/가수,MBC WORLD,"720,000","543,560,000","4,756"
BJ/인물/연예인,대륙남TV [clark tv],"710,000","394,910,000","3,035"
미분류,이재성 박사의 식탁보감,"710,000","55,420,000",230
게임,스페셜솔져 - 모바일FPS,"710,000","15,040,000",137
키즈/어린이,지호토이TV JIHOTOY,"710,000","562,860,000","1,847"
음식/요리/레시피,윰댕(yum-cast),"710,000","516,760,000","3,235"
음악/댄스/가수,HEADLINER,"710,000","168,790,000",186
BJ/인물/연예인,외질혜 (OzilTube),"710,000","434,050,000","1,587"
패션/미용,헤이즐 Heizle,"710,000","74,700,000",291
음악/댄스/가수,SonyToby,"710,000","71,910,000",94
뉴스/정치/사회,연합뉴스TV,"710,000","931,720,000","364,460"
TV/방송,나혼자산다 STUDIO,"700,000","224,590,000",290
TV/방송,뉴스엔·NewsenTV·KOREA Entertainment news,"700,000","242,940,000","8,476"
미분류,육식맨 YOOXICMAN,"700,000","112,560,000",101
뉴스/정치/사회,채널A 뉴스TOP10,"700,000","571,890,000","16,158"
교육/강의,THE J,"700,000","124,240,000",541
뉴스/정치/사회,가로세로연구소,"700,000","460,440,000","2,950"
영화/만화/애니,Sechi,"700,000","226,650,000",271
키즈/어린이,ToyMoon토이문,"700,000","262,200,000",251
취미/라이프,Soy ASMR,"700,000","142,010,000",437
TV/방송,김달,"700,000","229,850,000",730
미분류,함께해요 맛나요리,"700,000","161,340,000",432
음악/댄스/가수,임창정,"690,000","198,600,000",294
게임,Charming Jo 조매력,"690,000","189,400,000","1,153"
BJ/인물/연예인,긱블 Geekble,"690,000","177,860,000",304
영화/만화/애니,DAZBEE official,"690,000","240,560,000",121
국내/해외/여행,EBS 컬렉션 - 라이프스타일,"690,000","414,600,000","2,923"
음식/요리/레시피,인아짱 Inah Eats,"690,000","146,320,000","1,000"
음악/댄스/가수,LJ Dance,"690,000","93,380,000","1,767"
TV/방송,smile -wA-,"690,000","518,930,000","5,323"
키즈/어린이,코코몽 COCOMONG TV - Cartoon & Song For Kids,"690,000","850,470,000","1,188"
음악/댄스/가수,TEEN TOP Official,"690,000","196,700,000",776
TV/방송,시미켄 TV,"690,000","97,430,000",91
미분류,뀨러기 [kkyuleogi],"690,000","178,300,000",241
미분류,랄랄ralral,"690,000","122,510,000",332
음악/댄스/가수,PianiCast - 피아니캐스트,"690,000","173,900,000",106
영화/만화/애니,써리의 영상툰 SSULY TOON,"680,000","467,260,000",945
미분류,웅이woongei,"680,000","146,210,000",269
미분류,SM STATION,"680,000","45,170,000",90
패션/미용,에바EVA,"680,000","101,160,000",299
음악/댄스/가수,MBK Entertainment [Official],"680,000","388,620,000",417
키즈/어린이,로보카폴리 TV,"680,000","425,450,000","1,050"
키즈/어린이,애니한TV AnnieHanTV,"680,000","648,450,000","1,152"
미분류,주부나라,"680,000","154,690,000",771
취미/라이프,ASMR Ouvir 오비르,"680,000","111,520,000",144
미분류,방가네,"680,000","154,800,000",185
뉴스/정치/사회,이봉규TV,"680,000","428,800,000","6,831"
패션/미용,김습습Double Soup,"680,000","52,970,000",276
미분류,DAWN,"680,000","46,570,000",33
미분류,이슈왕 TV,"680,000","344,380,000","1,013"
BJ/인물/연예인,난쟁이성현,"680,000","172,180,000",678
게임,문호준,"680,000","421,330,000","1,054"
뉴스/정치/사회,스브스뉴스 SUBUSU NEWS,"680,000","712,370,000","2,509"
음악/댄스/가수,Bigman,"680,000","53,500,000",46
TV/방송,SIMI TV,"680,000","80,630,000",77
게임,밍모,"680,000","430,820,000","1,425"
뉴스/정치/사회,Newstapa,"670,000","234,870,000","3,755"
미분류,과나gwana,"670,000","91,470,000",77
키즈/어린이,간니닌니 다이어리,"670,000","607,290,000","1,768"
뉴스/정치/사회,펜앤드마이크TV,"670,000","468,410,000","10,576"
미분류,직업의모든것,"670,000","234,350,000",300
게임,김성회의 G식백과,"670,000","145,300,000",219
음식/요리/레시피,권회훈,"670,000","269,410,000","1,274"
TV/방송,제이제이,"670,000","198,230,000",505
TV/방송,덕출 : DCTVGO,"670,000","174,910,000",319
취미/라이프,미니미니 MiniMini,"670,000","319,460,000",326
미분류,815머니톡,"670,000","165,210,000","2,670"
패션/미용,새벽,"670,000","93,440,000",505
뉴스/정치/사회,한국경제TV,"670,000","205,290,000","49,743"
TV/방송,레바스튜디오,"660,000","287,920,000",421
미분류,메리니즈부엌Meliniskitchen,"660,000","109,360,000",110
미분류,팩토리,"660,000","61,450,000",28
음악/댄스/가수,조싀앤바믜 Josh & Bamui,"660,000","181,120,000",194
TV/방송,김용호연예부장,"660,000","125,170,000",259
TV/방송,백만뷰,"660,000","450,050,000","9,311"
게임,강 지,"660,000","483,760,000","1,080"
미분류,스토리,"660,000","90,730,000",39
음악/댄스/가수,GIRL'S DAY,"660,000","246,680,000",150
교육/강의,입시덕후,"660,000","269,970,000",401
BJ/인물/연예인,요리왕비룡 Korean Food Cooking,"660,000","133,810,000",592
음식/요리/레시피,Team_SeikaTV(팀세이카),"660,000","133,230,000",115
패션/미용,Ha Neul오늘의 하늘,"660,000","101,800,000",284
BJ/인물/연예인,깨박이,"660,000","375,820,000","1,249"
주식/경제/부동산,부동산 읽어주는 남자,"650,000","67,080,000",471
패션/미용,Dear.Jerry제리,"650,000","41,960,000",154
패션/미용,로즈하ROSEHA,"650,000","71,450,000",177
게임,수탉,"650,000","311,500,000","1,319"
음식/요리/레시피,키미 Kimi,"650,000","45,770,000",92
패션/미용,LENA,"650,000","133,900,000",136
음식/요리/레시피,입질의추억TV jiminTV,"650,000","191,690,000",324
음식/요리/레시피,허미노MINO,"650,000","247,180,000","1,676"
TV/방송,PANGKICK 팡킥,"650,000","214,900,000",85
키즈/어린이,뿌직PPUJIG,"650,000","490,230,000",427
게임,Official Dopa,"650,000","293,470,000","1,225"
TV/방송,걍밍경,"650,000","37,320,000",35
주식/경제/부동산,코스픽(KosPick),"640,000","24,680,000","1,225"
자동차,우파푸른하늘Woopa TV,"640,000","347,120,000",965
패션/미용,금강연화,"640,000","241,370,000",622
영화/만화/애니,CK Animation School_2016-2018,"640,000","206,470,000",698
미분류,지식한입,"640,000","43,910,000",55
미분류,deemd 딤디,"640,000","62,190,000",142
미분류,송슐랭 가이드 - SONGCHELIN GUIDE,"640,000","19,010,000",112
TV/방송,tweety 트위티,"640,000","73,890,000",155
패션/미용,Q2HAN,"640,000","69,590,000",698
스포츠/운동,JK 아트사커 온라인,"640,000","225,240,000",410
영화/만화/애니,홍시네마,"640,000","204,530,000",158
BJ/인물/연예인,김도고 Doggo Kim,"640,000","159,450,000",154
음악/댄스/가수,BELLA&LUCAS 벨라앤루카스,"630,000","75,110,000",291
게임,LCK,"630,000","499,800,000","3,932"
게임,유소나,"630,000","199,950,000",713
미분류,꼰대희,"630,000","99,220,000",106
게임,퀸톨 TV,"630,000","465,100,000","2,076"
미분류,나르앤나르시Nar.Couple,"630,000","71,330,000",132
TV/방송,Spinel CAM,"630,000","678,080,000","8,579"
키즈/어린이,손오공,"630,000","647,780,000",730
패션/미용,도영도영이,"630,000","43,490,000",157
미분류,지기TV,"630,000","149,790,000",706
취미/라이프,여정을떠난여정,"620,000","137,120,000",287
미분류,단하나 DANHANA,"620,000","107,060,000",87
미분류,검은고양이 다홍 Blackcat Dahong,"620,000","36,690,000",44
음악/댄스/가수,정동원TV,"620,000","198,210,000",264
TV/방송,OCN,"620,000","574,140,000","11,771"
TV/방송,매미킴 TV,"620,000","157,720,000",251
미분류,쏘대장,"620,000","123,110,000",314
패션/미용,会社員J,"620,000","123,640,000",393
TV/방송,Rio y Christian,"620,000","54,510,000",294
미분류,지피티,"620,000","130,860,000",718
음악/댄스/가수,다이아나Diana,"620,000","171,340,000","1,776"
미분류,Bravo jamoasi,"620,000","116,660,000",85
음악/댄스/가수,lEtudel,"620,000","242,610,000","2,954"
패션/미용,소윤Soyoon,"620,000","59,950,000",155
BJ/인물/연예인,예씨 yessii,"620,000","381,180,000",786
영화/만화/애니,Netflix Korea 넷플릭스 코리아,"620,000","166,880,000","1,350"
TV/방송,MBC 미스터리 : 심야괴담회 X 서프라이즈,"620,000","263,970,000","1,144"
IT/기술/컴퓨터,테크몽 Techmong,"620,000","87,240,000",337
뉴스/정치/사회,성제준TV,"620,000","198,110,000",984
게임,코아 TV,"610,000","430,300,000","1,040"
미분류,엠뚜루마뚜루 : MBC 공식 종합 채널,"610,000","722,960,000","1,224"
미분류,캡틴 파추호 Captain PaChuHO,"610,000","36,050,000",51
IT/기술/컴퓨터,UNDERkg,"610,000","318,400,000","2,292"
음식/요리/레시피,한식푸우 Korean food,"610,000","244,500,000","1,581"
TV/방송,샒의 삶Serim's life,"610,000","186,590,000",522
게임,삼식,"610,000","221,560,000","1,907"
음식/요리/레시피,맛상무,"610,000","231,510,000","1,269"
BJ/인물/연예인,상해기SangHyuk,"610,000","134,080,000",315
키즈/어린이,지니어드벤쳐 GeniAdventure (공룡∙과학 Dinosaurs),"610,000","593,260,000",427
미분류,짧은대본 ShortPaper,"610,000","131,410,000",132
게임,저라뎃 JUSTLIKETHAT,"610,000","564,230,000","2,898"
TV/방송,씨그널V [ Signal V ],"610,000","289,470,000",731
음식/요리/레시피,sini시니,"610,000","230,960,000",676
미분류,하알라,"610,000","145,090,000",192
TV/방송,tvN 인사이트,"610,000","208,700,000","1,739"
자동차,김한용의 MOCAR,"610,000","276,470,000","1,170"
미분류,[윤이련]50년 요리비결,"610,000","147,950,000",310
미분류,STAYC,"610,000","130,080,000",102
키즈/어린이,뽀로로 타요 장난감 놀이교실,"610,000","389,370,000",807
패션/미용,골근위수영뷰티아카데미,"600,000","428,970,000",358
패션/미용,슈스스TV,"600,000","10,000",1
미분류,할명수,"600,000","44,900,000",64
뉴스/정치/사회,MTN 머니투데이방송,"600,000","516,710,000","56,402"
게임,눈쟁이,"600,000","243,060,000","2,170"
취미,여락이들_,"600,000","141,820,000",333
미분류,유 퀴즈 온 더 튜브,"600,000","239,980,000","2,545"
스포츠/운동,강하나 스트레칭_stretching,"600,000","54,610,000",297
TV/방송,코니tv conitv,"600,000","96,870,000",436
음악/댄스/가수,노래하는코트,"600,000","319,520,000","2,297"
미분류,과학드림 [Science Dream],"600,000","97,630,000",103
미분류,로하Roha,"600,000","78,980,000",108
음식/요리/레시피,바다곰조해웅Seabear,"600,000","127,130,000",391
음악/댄스/가수,FTISLAND (FT아일랜드),"600,000","140,220,000",145
게임,TV대정령,"600,000","634,350,000","7,463"
취미/라이프,이연LEEYEON,"600,000","40,850,000",172
미분류,영기티비,"600,000","95,540,000",225
게임,로이조 TV,"600,000","434,900,000","2,611"
취미/라이프,김나영의 nofilterTV,"600,000","111,930,000",312
게임,JUNE,"590,000","600,180,000","1,301"
TV/방송,NICKY니키,"590,000","185,570,000",738
교육/강의,친절한 대학,"590,000","56,960,000",557
주식/경제/부동산,단희TV,"590,000","65,910,000",855
TV/방송,티키틱 TIKITIK,"590,000","122,960,000",143
취미/라이프,딩가의 회전목마 DINGA,"590,000","69,630,000",171
미분류,깨방정,"590,000","177,110,000",370
게임,서넹,"590,000","217,560,000","2,822"
미분류,A24,"590,000","624,370,000",534
뉴스/정치/사회,팩트TV NEWS,"590,000","516,940,000","19,752"
패션/미용,leeanfilm리안,"590,000","49,270,000",184
TV/방송,drighk fancam 2015,"580,000","430,860,000","5,281"
애완/반려동물,김메주와 고양이들,"580,000","194,800,000",972
미분류,양세브라더스,"580,000","24,570,000",16
TV/방송,KBS 같이삽시다,"580,000","279,900,000","3,028"
TV/방송,Olive,"580,000","642,610,000","17,128"
TV/방송,MAXIM KOREA,"580,000","307,710,000","2,037"
해외,Ashley Mariee,"580,000","56,220,000","2,046"
BJ/인물/연예인,최홍철,"580,000","162,630,000",318
음식/요리/레시피,더스쿱The SCOOP,"570,000","85,340,000",406
게임,형독방송,"570,000","517,420,000","1,840"
미분류,McDonald's,"570,000","123,850,000",204
음악/댄스/가수,God DongMin갓동민,"570,000","93,770,000",997
TV/방송,STATV,"570,000","190,800,000","7,481"
TV/방송,공돌이 용달,"570,000","168,480,000",200
키즈/어린이,Troom Troom Kr,"570,000","383,420,000","1,895"
게임,진호,"570,000","309,420,000","2,447"
취미/라이프,ConCorea TV,"570,000","14,210,000",625
BJ/인물/연예인,엣지님,"570,000","199,200,000","1,644"
음악/댄스/가수,SUGA - Topic,"570,000","20,000",1
TV/방송,은하캠핑,"570,000","111,180,000",201
TV/방송,KBS Entertain: 깔깔티비,"570,000","802,140,000","4,905"
뉴스/정치/사회,고성국TV,"570,000","21,670,000",301
미분류,코믹마트,"570,000","188,610,000",232
음악/댄스/가수,May J Lee 메이제이 리,"570,000","28,700,000",40
음식/요리/레시피,SINCOOK - 신쿡,"570,000","103,980,000",483
BJ/인물/연예인,덕자전성시대,"570,000","62,050,000",143
미분류,[에일리 OFFICIAL] aileemusic,"570,000","85,070,000",116
미분류,김흥미,"570,000","226,170,000",470
애완/반려동물,Arirang은 고양이들내가 주인,"570,000","167,140,000",385
뉴스/정치/사회,쓸모왕,"560,000","420,910,000",668
음악/댄스/가수,INFINITE,"560,000","39,530,000",159
TV/방송,쌈바홍 ssambahong,"560,000","41,130,000",197
음식/요리/레시피,정육왕 MeatCreator,"560,000","129,660,000",422
음식/요리/레시피,[Flower pig]꽃돼지,"560,000","194,320,000","1,201"
키즈/어린이,Clevr TV [클레버티비],"560,000","536,180,000","1,777"
TV/방송,석준이가해,"560,000","126,830,000",217
패션/미용,다영 DAYEONG,"560,000","75,990,000",356
키즈/어린이,캐리TV 주니어,"560,000","625,130,000","1,424"
미분류,근황올림픽,"560,000","259,930,000",241
취미/라이프,TAU,"560,000","346,320,000",103
음악/댄스/가수,TVXQ!,"560,000","33,160,000",70
음악/댄스/가수,온스테이지ONSTAGE,"550,000","232,740,000","2,333"
음악/댄스/가수,Trouble Maker (Official YouTube Channel),"550,000","185,950,000",9
패션/미용,아옳이,"550,000","94,660,000",153
음악/댄스/가수,Reynah,"550,000","145,690,000",245
미분류,드립팩토리 [Dlib Factory],"550,000","183,960,000",177
미분류,일주어터,"550,000","94,180,000",150
미분류,규티비 KYUHYUN,"550,000","21,590,000",74
미분류,BODA 보다,"550,000","257,870,000",738
미분류,복지마블TV [Welfare Marble],"550,000","53,040,000",245
미분류,에버랜드 - EVERLAND,"550,000","170,230,000","1,989"
미분류,또모TOWMOO,"550,000","134,210,000",193
영화/만화/애니,뭅뭅,"550,000","261,080,000","3,049"
뉴스/정치/사회,국방TV,"550,000","507,280,000","11,191"
미분류,Super K-슈퍼개미김정환,"550,000","50,970,000",455
미분류,시니어전성시대,"550,000","66,490,000",150
패션/미용,LeoJ Makeup,"550,000","77,160,000",256
음악/댄스/가수,달마발 Darlim&Hamabal,"550,000","137,810,000",158
교육/강의,Conversational Korean,"550,000","15,410,000",335
취미/라이프,샬이 Shal.E,"550,000","21,700,000",61
BJ/인물/연예인,카페노예 jun,"550,000","38,330,000",76
교육/강의,수린 suzlnne,"550,000","42,490,000",129
BJ/인물/연예인,sojoong쏘야쭝아,"550,000","137,180,000",222
미분류,free지아,"550,000","86,500,000",192
음악/댄스/가수,Flow Music,"550,000","114,980,000",492
음악/댄스/가수,Mellowbeat Seeker,"550,000","8,260,000",131
TV/방송,J.Y. Park,"550,000","88,690,000",90
패션/미용,DAISY 데이지,"540,000","43,680,000",134
패션/미용,디렉터 짱구대디,"540,000","170,270,000","1,735"
영화/만화/애니,소개해주는 남자,"540,000","164,050,000",225
미분류,Melon 멜론,"540,000","68,090,000",230
뉴스/정치/사회,서울의소리 Voice of Seoul,"540,000","246,690,000","7,622"
게임,꿀탱탱,"540,000","339,080,000","2,516"
TV/방송,레이디액션,"540,000","271,850,000",359
미분류,조여사전성시대,"540,000","103,320,000",434
게임,자몽티비,"540,000","506,720,000","2,069"
BJ/인물/연예인,풍자테레비,"540,000","240,780,000","1,651"
취미/라이프,희철리즘Heechulism,"540,000","137,150,000",253
교육/강의,동심파괴,"540,000","147,350,000",370
애완/반려동물,아리둥절 Ari the Corgi,"540,000","151,550,000",235
게임,글자네 YouTube,"540,000","485,260,000","3,188"
게임,빅헤드,"540,000","305,970,000","3,477"
음악/댄스/가수,DanalEntertainment,"530,000","291,250,000","9,302"
미분류,유이뿅YUIPYON,"530,000","134,730,000",305
게임,프레이 TV,"530,000","270,500,000","1,161"
미분류,Everton Football Club,"530,000","146,220,000","2,505"
뉴스/정치/사회,뉴스타운TV,"530,000","126,200,000","4,601"
BJ/인물/연예인,Korean Studio,"530,000","47,270,000",171
TV/방송,스튜디오V [ STUDIO V ],"530,000","158,150,000",323
TV/방송,KBS동물티비 : 애니멀포유 animal4u,"530,000","338,420,000","1,515"
뉴스/정치/사회,Arirang News,"530,000","238,840,000","124,298"
TV/방송,오마르의 삶,"530,000","85,520,000",420
TV/방송,오예커플스토리,"530,000","88,480,000",156
음식/요리/레시피,스튜디오 쿠캣 - COOKAT,"530,000","208,810,000","1,683"
뉴스/정치/사회,여수MBC Music+(Kpop&Trot),"530,000","338,230,000","12,021"
TV/방송,Ripple_S,"530,000","303,910,000",721
영화/만화/애니,supershinstudio,"530,000","385,330,000","7,779"
TV/방송,joanday,"530,000","68,600,000",629
취미/라이프,공구왕황부장,"530,000","107,530,000",448
교육/강의,1등 미디어,"530,000","237,590,000",496
게임,똘킹,"530,000","389,910,000","1,834"
미분류,AB6IX,"530,000","32,600,000",264
뉴스/정치/사회,KBS KONG,"530,000","204,410,000","6,654"
BJ/인물/연예인,박서아TV,"530,000","99,510,000",306
취미/라이프,미니유 Miniyu ASMR,"530,000","224,240,000",729
TV/방송,KBS 1라디오,"520,000","190,140,000","10,540"
BJ/인물/연예인,Mr.아재 [Mr.Ajae],"520,000","130,340,000",302
음식/요리/레시피,PRUMIR,"520,000","111,650,000",449
음악/댄스/가수,Mina's TV 미나네TV,"520,000","21,100,000",134
음식/요리/레시피,영자씨의 부엌Young-Ja's Kitchen,"520,000","110,530,000",915
미분류,햄튜브,"520,000","282,390,000","1,115"
키즈/어린이,오콘키즈,"520,000","697,400,000","1,010"
게임,방앗간 비둘기,"520,000","337,890,000","4,305"
음식/요리/레시피,창배먹방 chang_bae,"520,000","243,900,000","1,287"
미분류,밉지않은 관종언니,"520,000","68,950,000",172
패션/미용,안다 ANDA,"520,000","33,270,000",167
TV/방송,상현아웃겨줘parksanghyun,"520,000","178,720,000",402
음악/댄스/가수,Dragon Stone,"520,000","32,370,000",148
IT/기술/컴퓨터,MR엠알,"520,000","77,520,000",352
게임,임선비,"510,000","236,960,000","1,142"
